gpu_memory_total_mib,gpu_memory_used_mib,gpu_power_watts,gpu_utilization_percent,matched_model_processes,model_label,model_name,model_process_family_cpu_percent_normalized,model_process_family_rss_bytes,ollama_reported_expires_at,ollama_reported_model_size_bytes,ollama_reported_vram_size_bytes,system_cpu_percent,system_memory_percent,system_memory_used_bytes,timestamp_epoch_s,timestamp_utc
,,,,16804:cmd.exe;18196:ollama app.exe;5732:ollama.exe,small,qwen3:4b,0.0,81584128,,,,0.0,80.2,27434098688,1789143012.0632586,2026-09-11T16:10:14.206827+00:00
,,,,10900:llama-server.exe;16804:cmd.exe;18196:ollama app.exe;5732:ollama.exe,small,qwen3:4b,0.2948653228193977,536469504,,,,34.4,50.6,17302020096,1789143014.7127733,2026-09-11T16:10:16.816915+00:00
,,,,10900:llama-server.exe;16804:cmd.exe;18196:ollama app.exe;5732:ollama.exe,small,qwen3:4b,2.0992991872006597,1783332864,,,,30.9,52.6,18004275200,1789143017.3178093,2026-09-11T16:10:19.440824+00:00
,,,,10900:llama-server.exe;16804:cmd.exe;18196:ollama app.exe;5732:ollama.exe,small,qwen3:4b,1.973589389210583,2551332864,,,,49.9,56.0,19170533376,1789143019.956825,2026-09-11T16:10:22.079965+00:00
,,,,10900:llama-server.exe;16804:cmd.exe;18196:ollama app.exe;5732:ollama.exe,small,qwen3:4b,2.8779973030889696,3045167104,2026-09-11T19:15:24.7009454+03:00,3178149969,3178149969,41.0,58.4,19968425984,1789143022.580901,2026-09-11T16:10:24.704504+00:00
,,,,10900:llama-server.exe;16804:cmd.exe;18196:ollama app.exe;5732:ollama.exe,small,qwen3:4b,1.884754585513044,3048775680,2026-09-11T19:15:27.3152426+03:00,3178149969,3178149969,24.8,59.5,20361924608,1789143025.2061322,2026-09-11T16:10:27.318281+00:00
,,,,10900:llama-server.exe;16804:cmd.exe;18196:ollama app.exe;5732:ollama.exe,small,qwen3:4b,2.5273562210449443,3048648704,2026-09-11T19:15:29.950386+03:00,3178149969,3178149969,34.1,59.3,20295655424,1789143027.8336308,2026-09-11T16:10:29.952910+00:00
,,,,10900:llama-server.exe;16804:cmd.exe;18196:ollama app.exe;5732:ollama.exe,small,qwen3:4b,2.8287902027549845,3047804928,2026-09-11T19:15:32.5874248+03:00,3178149969,3178149969,25.8,59.3,20283473920,1789143030.457323,2026-09-11T16:10:32.591462+00:00
,,,,10900:llama-server.exe;16804:cmd.exe;18196:ollama app.exe;5732:ollama.exe,small,qwen3:4b,2.562908994120911,3047821312,2026-09-11T19:15:35.1954271+03:00,3178149969,3178149969,23.3,59.4,20314746880,1789143033.0991778,2026-09-11T16:10:35.198575+00:00
,,,,10900:llama-server.exe;16804:cmd.exe;18196:ollama app.exe;5732:ollama.exe,small,qwen3:4b,2.2458763002477813,3140567040,2026-09-11T19:15:36.0012054+03:00,3178149969,3178149969,24.9,59.5,20345606144,1789143035.708126,2026-09-11T16:10:37.817587+00:00
,,,,10900:llama-server.exe;16804:cmd.exe;18196:ollama app.exe;5732:ollama.exe,small,qwen3:4b,2.942138614242291,3140141056,2026-09-11T19:15:36.0012054+03:00,3178149969,3178149969,24.0,59.7,20415516672,1789143038.319251,2026-09-11T16:10:40.420631+00:00
,,,,10900:llama-server.exe;16804:cmd.exe;18196:ollama app.exe;5732:ollama.exe,small,qwen3:4b,2.6943650866885145,3139751936,2026-09-11T19:15:36.0012054+03:00,3178149969,3178149969,19.2,59.9,20499992576,1789143040.928864,2026-09-11T16:10:43.034705+00:00
,,,,10900:llama-server.exe;16804:cmd.exe;18196:ollama app.exe;5732:ollama.exe,small,qwen3:4b,2.1462794460640024,3220197376,2026-09-11T19:15:43.6318759+03:00,3178149969,3178149969,25.0,59.6,20386119680,1789143043.537545,2026-09-11T16:10:45.631833+00:00
,,,,10900:llama-server.exe;16804:cmd.exe;18196:ollama app.exe;5732:ollama.exe,small,qwen3:4b,2.5082858092474973,3220758528,2026-09-11T19:15:43.6318759+03:00,3178149969,3178149969,24.4,60.0,20541534208,1789143046.133109,2026-09-11T16:10:48.229105+00:00
,,,,10900:llama-server.exe;16804:cmd.exe;18196:ollama app.exe;5732:ollama.exe,small,qwen3:4b,3.4403924562836563,3220070400,2026-09-11T19:15:43.6318759+03:00,3178149969,3178149969,61.2,60.1,20566642688,1789143048.744548,2026-09-11T16:10:50.925984+00:00
,,,,10900:llama-server.exe;16804:cmd.exe;18196:ollama app.exe;5732:ollama.exe,small,qwen3:4b,2.3269851595044364,3302031360,2026-09-11T19:15:52.4860394+03:00,3178149969,3178149969,69.6,60.5,20693467136,1789143051.4304268,2026-09-11T16:10:53.601833+00:00
,,,,10900:llama-server.exe;16804:cmd.exe;18196:ollama app.exe;5732:ollama.exe,small,qwen3:4b,3.203870015574566,3303849984,2026-09-11T19:15:52.4860394+03:00,3178149969,3178149969,46.5,60.9,20827381760,1789143054.1127298,2026-09-11T16:10:56.226298+00:00
,,,,10900:llama-server.exe;16804:cmd.exe;18196:ollama app.exe;5732:ollama.exe,small,qwen3:4b,2.683537291461057,3303849984,2026-09-11T19:15:52.4860394+03:00,3178149969,3178149969,70.1,62.3,21326958592,1789143056.7328722,2026-09-11T16:10:58.872573+00:00
,,,,10900:llama-server.exe;16804:cmd.exe;18196:ollama app.exe;5732:ollama.exe,small,qwen3:4b,2.709224142749222,3385491456,2026-09-11T19:16:00.7590586+03:00,3178149969,3178149969,72.2,62.4,21362016256,1789143059.3762336,2026-09-11T16:11:01.556890+00:00
,,,,10900:llama-server.exe;16804:cmd.exe;18196:ollama app.exe;5732:ollama.exe,small,qwen3:4b,2.7634871981341917,3387121664,2026-09-11T19:16:00.7590586+03:00,3178149969,3178149969,52.3,62.9,21513592832,1789143062.0619254,2026-09-11T16:11:04.192937+00:00
,,,,10900:llama-server.exe;16804:cmd.exe;18196:ollama app.exe;5732:ollama.exe,small,qwen3:4b,2.5213642640284655,3387121664,2026-09-11T19:16:00.7590586+03:00,3178149969,3178149969,60.6,62.8,21475233792,1789143064.6956682,2026-09-11T16:11:06.839113+00:00
,,,,10900:llama-server.exe;16804:cmd.exe;18196:ollama app.exe;5732:ollama.exe,small,qwen3:4b,2.8953385563221397,3468693504,2026-09-11T19:16:09.1535331+03:00,3178149969,3178149969,53.2,62.3,21298077696,1789143067.3489993,2026-09-11T16:11:09.466722+00:00
,,,,10900:llama-server.exe;16804:cmd.exe;18196:ollama app.exe;5732:ollama.exe,small,qwen3:4b,2.333309516879291,3470200832,2026-09-11T19:16:09.1535331+03:00,3178149969,3178149969,61.1,62.4,21352779776,1789143069.971794,2026-09-11T16:11:12.134326+00:00
,,,,10900:llama-server.exe;16804:cmd.exe;18196:ollama app.exe;5732:ollama.exe,small,qwen3:4b,2.6313892241813135,3470237696,2026-09-11T19:16:09.1535331+03:00,3178149969,3178149969,41.7,62.2,21279506432,1789143072.6438615,2026-09-11T16:11:14.787690+00:00
,,,,10900:llama-server.exe;16804:cmd.exe;18196:ollama app.exe;5732:ollama.exe,small,qwen3:4b,2.2628872812424046,3470241792,2026-09-11T19:16:09.1535331+03:00,3178149969,3178149969,37.0,61.9,21172711424,1789143075.290738,2026-09-11T16:11:17.436470+00:00
,,,,10900:llama-server.exe;16804:cmd.exe;18196:ollama app.exe;5732:ollama.exe,small,qwen3:4b,2.1154667865360715,3553566720,2026-09-11T19:16:17.5179797+03:00,3178149969,3178149969,26.7,61.4,21016965120,1789143077.9374156,2026-09-11T16:11:20.029931+00:00
,,,,10900:llama-server.exe;16804:cmd.exe;18196:ollama app.exe;5732:ollama.exe,small,qwen3:4b,2.9604924557908103,3553722368,2026-09-11T19:16:17.5179797+03:00,3178149969,3178149969,27.3,61.3,20960002048,1789143080.5323527,2026-09-11T16:11:22.632437+00:00
,,,,10900:llama-server.exe;16804:cmd.exe;18196:ollama app.exe;5732:ollama.exe,small,qwen3:4b,2.8800446515543365,3553726464,2026-09-11T19:16:17.5179797+03:00,3178149969,3178149969,74.8,61.7,21102350336,1789143083.1545632,2026-09-11T16:11:25.417480+00:00
,,,,10900:llama-server.exe;16804:cmd.exe;18196:ollama app.exe;5732:ollama.exe,small,qwen3:4b,2.8995254412229174,3553865728,2026-09-11T19:16:17.5179797+03:00,3178149969,3178149969,56.1,61.6,21078913024,1789143085.9387832,2026-09-11T16:11:28.062385+00:00
,,,,10900:llama-server.exe;16804:cmd.exe;18196:ollama app.exe;5732:ollama.exe,small,qwen3:4b,2.2290729855419547,3566481408,2026-09-11T19:16:28.1000926+03:00,3178149969,3178149969,72.3,62.9,21521186816,1789143088.5673983,2026-09-11T16:11:30.746442+00:00
,,,,10900:llama-server.exe;16804:cmd.exe;18196:ollama app.exe;5732:ollama.exe,small,qwen3:4b,2.7087998796382866,3566821376,2026-09-11T19:16:28.1000926+03:00,3178149969,3178149969,79.0,63.5,21715238912,1789143091.2592423,2026-09-11T16:11:33.457090+00:00
,,,,10900:llama-server.exe;16804:cmd.exe;18196:ollama app.exe;5732:ollama.exe,small,qwen3:4b,2.6032841180531157,3566821376,2026-09-11T19:16:28.1000926+03:00,3178149969,3178149969,84.3,63.8,21839974400,1789143093.9601576,2026-09-11T16:11:36.131037+00:00
,,,,10900:llama-server.exe;16804:cmd.exe;18196:ollama app.exe;5732:ollama.exe,small,qwen3:4b,1.6529557827740688,3570147328,2026-09-11T19:16:37.3589342+03:00,3178149969,3178149969,56.4,64.0,21892124672,1789143096.6384406,2026-09-11T16:11:38.783788+00:00
,,,,10900:llama-server.exe;16804:cmd.exe;18196:ollama app.exe;5732:ollama.exe,small,qwen3:4b,3.5323952923674797,3571257344,2026-09-11T19:16:37.3589342+03:00,3178149969,3178149969,79.8,64.0,21879808000,1789143099.292447,2026-09-11T16:11:41.455937+00:00
,,,,10900:llama-server.exe;16804:cmd.exe;18196:ollama app.exe;5732:ollama.exe,small,qwen3:4b,2.5875587980297827,3571257344,2026-09-11T19:16:37.3589342+03:00,3178149969,3178149969,75.5,63.3,21659512832,1789143101.9594557,2026-09-11T16:11:44.113484+00:00
,,,,10900:llama-server.exe;16804:cmd.exe;18196:ollama app.exe;5732:ollama.exe,small,qwen3:4b,2.8331555813467864,3574849536,2026-09-11T19:16:46.2890061+03:00,3178149969,3178149969,65.4,63.1,21573251072,1789143104.6250641,2026-09-11T16:11:46.779293+00:00
,,,,10900:llama-server.exe;16804:cmd.exe;18196:ollama app.exe;5732:ollama.exe,small,qwen3:4b,2.400112194338963,3576430592,2026-09-11T19:16:46.2890061+03:00,3178149969,3178149969,55.9,63.1,21588365312,1789143107.28336,2026-09-11T16:11:49.421344+00:00
,,,,10900:llama-server.exe;16804:cmd.exe;18196:ollama app.exe;5732:ollama.exe,small,qwen3:4b,2.6103405561457005,3576446976,2026-09-11T19:16:46.2890061+03:00,3178149969,3178149969,56.9,63.1,21578530816,1789143109.9270923,2026-09-11T16:11:52.062722+00:00
,,,,10900:llama-server.exe;16804:cmd.exe;18196:ollama app.exe;5732:ollama.exe,small,qwen3:4b,2.948659065614863,3578568704,2026-09-11T19:16:54.3781135+03:00,3178149969,3178149969,31.3,60.7,20774920192,1789143112.5766017,2026-09-11T16:11:54.679749+00:00
,,,,10900:llama-server.exe;16804:cmd.exe;18196:ollama app.exe;5732:ollama.exe,small,qwen3:4b,2.3930082212188872,3580076032,2026-09-11T19:16:54.3781135+03:00,3178149969,3178149969,33.7,60.6,20718510080,1789143115.1883771,2026-09-11T16:11:57.294026+00:00
,,,,10900:llama-server.exe;16804:cmd.exe;18196:ollama app.exe;5732:ollama.exe,small,qwen3:4b,2.446283914964746,3580088320,2026-09-11T19:16:54.3781135+03:00,3178149969,3178149969,32.4,60.7,20766695424,1789143117.7964997,2026-09-11T16:11:59.907501+00:00
,,,,10900:llama-server.exe;16804:cmd.exe;18196:ollama app.exe;5732:ollama.exe,small,qwen3:4b,2.529618537360844,3580882944,2026-09-11T19:17:02.3031019+03:00,3178149969,3178149969,39.3,60.9,20833599488,1789143120.4216485,2026-09-11T16:12:02.566110+00:00
,,,,10900:llama-server.exe;16804:cmd.exe;18196:ollama app.exe;5732:ollama.exe,small,qwen3:4b,2.263618045931265,3582300160,2026-09-11T19:17:02.3031019+03:00,3178149969,3178149969,78.4,60.7,20760465408,1789143123.0676706,2026-09-11T16:12:05.343712+00:00
,,,,10900:llama-server.exe;16804:cmd.exe;18196:ollama app.exe;5732:ollama.exe,small,qwen3:4b,2.578759006568807,3582459904,2026-09-11T19:17:02.3031019+03:00,3178149969,3178149969,84.0,61.6,21084483584,1789143125.8447654,2026-09-11T16:12:08.060128+00:00
,,,,10900:llama-server.exe;16804:cmd.exe;18196:ollama app.exe;5732:ollama.exe,small,qwen3:4b,3.4462250384529427,3582582784,2026-09-11T19:17:02.3031019+03:00,3178149969,3178149969,91.1,61.8,21148647424,1789143128.5651333,2026-09-11T16:12:10.774274+00:00
,,,,10900:llama-server.exe;16804:cmd.exe;18196:ollama app.exe;5732:ollama.exe,small,qwen3:4b,2.5929245143256106,3670093824,2026-09-11T19:17:10.7853805+03:00,3178149969,3178149969,80.5,62.4,21354348544,1789143131.2768397,2026-09-11T16:12:13.529655+00:00
,,,,10900:llama-server.exe;16804:cmd.exe;18196:ollama app.exe;5732:ollama.exe,small,qwen3:4b,2.737918373918414,3670093824,2026-09-11T19:17:10.7853805+03:00,3178149969,3178149969,75.1,61.7,21099782144,1789143134.03517,2026-09-11T16:12:16.187336+00:00
,,,,10900:llama-server.exe;16804:cmd.exe;18196:ollama app.exe;5732:ollama.exe,small,qwen3:4b,3.2886656036671535,3735330816,2026-09-11T19:17:18.6863851+03:00,3178149969,3178149969,68.5,62.3,21309681664,1789143136.687905,2026-09-11T16:12:18.882351+00:00
,,,,10900:llama-server.exe;16804:cmd.exe;18196:ollama app.exe;5732:ollama.exe,small,qwen3:4b,2.407539265637044,3736965120,2026-09-11T19:17:18.6863851+03:00,3178149969,3178149969,39.9,60.8,20811292672,1789143139.392084,2026-09-11T16:12:21.512947+00:00
,,,,10900:llama-server.exe;16804:cmd.exe;18196:ollama app.exe;5732:ollama.exe,small,qwen3:4b,2.6813472562541767,3736965120,2026-09-11T19:17:18.6863851+03:00,3178149969,3178149969,43.1,61.0,20860919808,1789143142.0143664,2026-09-11T16:12:24.127160+00:00
,,,,10900:llama-server.exe;16804:cmd.exe;18196:ollama app.exe;5732:ollama.exe,small,qwen3:4b,2.783556983198038,3736965120,2026-09-11T19:17:18.6863851+03:00,3178149969,3178149969,55.9,61.0,20853424128,1789143144.6339164,2026-09-11T16:12:26.841022+00:00
,,,,10900:llama-server.exe;16804:cmd.exe;18196:ollama app.exe;5732:ollama.exe,small,qwen3:4b,3.0635847455698326,3736866816,2026-09-11T19:17:18.6863851+03:00,3178149969,3178149969,57.4,61.3,20985962496,1789143147.3540413,2026-09-11T16:12:29.491834+00:00
,,,,10900:llama-server.exe;16804:cmd.exe;18196:ollama app.exe;5732:ollama.exe,small,qwen3:4b,2.6106494469726114,3814170624,2026-09-11T19:17:29.5882161+03:00,3178149969,3178149969,53.9,62.0,21192609792,1789143149.9974608,2026-09-11T16:12:32.148474+00:00
,,,,10900:llama-server.exe;16804:cmd.exe;18196:ollama app.exe;5732:ollama.exe,small,qwen3:4b,2.698208203149399,3814240256,2026-09-11T19:17:29.5882161+03:00,3178149969,3178149969,40.7,61.9,21178556416,1789143152.6516142,2026-09-11T16:12:34.780855+00:00
,,,,10900:llama-server.exe;16804:cmd.exe;18196:ollama app.exe;5732:ollama.exe,small,qwen3:4b,2.6629274630557553,3814207488,2026-09-11T19:17:35.0133201+03:00,3178149969,3178149969,52.1,62.1,21237415936,1789143155.2920353,2026-09-11T16:12:37.441899+00:00
,,,,10900:llama-server.exe;16804:cmd.exe;18196:ollama app.exe;5732:ollama.exe,small,qwen3:4b,2.8374387531264476,3814207488,2026-09-11T19:17:35.0133201+03:00,3178149969,3178149969,71.8,62.2,21262737408,1789143157.95362,2026-09-11T16:12:40.325450+00:00
,,,,10900:llama-server.exe;16804:cmd.exe;18196:ollama app.exe;5732:ollama.exe,small,qwen3:4b,2.8090537650536773,3814141952,2026-09-11T19:17:41.8608048+03:00,3178149969,3178149969,99.9,63.7,21792337920,1789143160.8275118,2026-09-11T16:12:43.925517+00:00
,,,,10900:llama-server.exe;16804:cmd.exe;18196:ollama app.exe;5732:ollama.exe,small,qwen3:4b,2.7461627935724233,3814273024,2026-09-11T19:17:41.8608048+03:00,3178149969,3178149969,99.0,67.0,22936702976,1789143164.4310248,2026-09-11T16:12:47.536480+00:00
,,,,10900:llama-server.exe;16804:cmd.exe;18196:ollama app.exe;5732:ollama.exe,small,qwen3:4b,2.164624702709262,3881664512,2026-09-11T19:17:49.8669972+03:00,3178149969,3178149969,71.0,62.8,21498896384,1789143168.0401955,2026-09-11T16:12:50.189144+00:00
,,,,10900:llama-server.exe;16804:cmd.exe;18196:ollama app.exe;5732:ollama.exe,small,qwen3:4b,2.997187647481018,3883278336,2026-09-11T19:17:49.8669972+03:00,3178149969,3178149969,51.2,62.4,21335334912,1789143170.6902492,2026-09-11T16:12:52.837155+00:00
,,,,10900:llama-server.exe;16804:cmd.exe;18196:ollama app.exe;5732:ollama.exe,small,qwen3:4b,2.5062424809036323,3883278336,2026-09-11T19:17:49.8669972+03:00,3178149969,3178149969,35.8,62.2,21268656128,1789143173.339883,2026-09-11T16:12:55.495790+00:00
,,,,10900:llama-server.exe;16804:cmd.exe;18196:ollama app.exe;5732:ollama.exe,small,qwen3:4b,2.349044979125146,3882496000,2026-09-11T19:17:57.5009693+03:00,3178149969,3178149969,67.3,62.3,21304950784,1789143176.0005388,2026-09-11T16:12:58.166381+00:00
,,,,10900:llama-server.exe;16804:cmd.exe;18196:ollama app.exe;5732:ollama.exe,small,qwen3:4b,2.634686265766937,3883851776,2026-09-11T19:17:57.5009693+03:00,3178149969,3178149969,80.6,62.6,21426393088,1789143178.6692626,2026-09-11T16:13:00.820300+00:00
,,,,10900:llama-server.exe;16804:cmd.exe;18196:ollama app.exe;5732:ollama.exe,small,qwen3:4b,2.8974106873791055,3883851776,2026-09-11T19:17:57.5009693+03:00,3178149969,3178149969,93.4,63.7,21791989760,1789143181.320696,2026-09-11T16:13:03.666819+00:00
,,,,10900:llama-server.exe;16804:cmd.exe;18196:ollama app.exe;5732:ollama.exe,small,qwen3:4b,3.592104771646679,3884253184,2026-09-11T19:18:06.9038365+03:00,3178149969,3178149969,95.5,65.9,22540476416,1789143184.184326,2026-09-11T16:13:06.994753+00:00
,,,,10900:llama-server.exe;16804:cmd.exe;18196:ollama app.exe;5732:ollama.exe,small,qwen3:4b,2.5897486338452316,3968897024,2026-09-11T19:18:06.9038365+03:00,3178149969,3178149969,100.0,68.9,23562178560,1789143187.5026982,2026-09-11T16:13:14.586171+00:00
,,,,10900:llama-server.exe;16804:cmd.exe;18196:ollama app.exe;5732:ollama.exe,small,qwen3:4b,2.964826058074998,3968913408,2026-09-11T19:18:06.9038365+03:00,3178149969,3178149969,100.0,70.0,23940771840,1789143195.1004598,2026-09-11T16:13:17.689631+00:00
,,,,10900:llama-server.exe;16804:cmd.exe;18196:ollama app.exe;5732:ollama.exe,small,qwen3:4b,2.4858851384440284,4057657344,2026-09-11T19:18:17.7563824+03:00,3178149969,3178149969,99.2,69.9,23925735424,1789143198.1908245,2026-09-11T16:13:20.856613+00:00
,,,,10900:llama-server.exe;16804:cmd.exe;18196:ollama app.exe;5732:ollama.exe,small,qwen3:4b,2.989610556402381,4057899008,2026-09-11T19:18:17.7563824+03:00,3178149969,3178149969,99.6,71.3,24393289728,1789143201.370238,2026-09-11T16:13:24.595595+00:00
,,,,10900:llama-server.exe;16804:cmd.exe;18196:ollama app.exe;5732:ollama.exe,small,qwen3:4b,3.1320144870963067,4057837568,2026-09-11T19:18:17.7563824+03:00,3178149969,3178149969,100.0,71.3,24383975424,1789143205.1118395,2026-09-11T16:13:28.108747+00:00
,,,,10900:llama-server.exe;16804:cmd.exe;18196:ollama app.exe;5732:ollama.exe,small,qwen3:4b,2.5217694079143413,4145012736,2026-09-11T19:18:28.6481696+03:00,3178149969,3178149969,98.3,71.9,24601997312,1789143208.6229324,2026-09-11T16:13:31.400839+00:00
,,,,10900:llama-server.exe;16804:cmd.exe;18196:ollama app.exe;5732:ollama.exe,small,qwen3:4b,2.6132412643706413,4145156096,2026-09-11T19:18:28.6481696+03:00,3178149969,3178149969,99.9,72.3,24727724032,1789143211.911473,2026-09-11T16:13:35.120310+00:00
,,,,10900:llama-server.exe;16804:cmd.exe;18196:ollama app.exe;5732:ollama.exe,small,qwen3:4b,2.700419686601668,4145156096,2026-09-11T19:18:28.6481696+03:00,3178149969,3178149969,100.0,71.4,24409710592,1789143215.6242447,2026-09-11T16:13:39.031588+00:00
,,,,10900:llama-server.exe;16804:cmd.exe;18196:ollama app.exe;5732:ollama.exe,small,qwen3:4b,2.2974518252826517,4237156352,2026-09-11T19:18:40.8526641+03:00,3178149969,3178149969,100.0,71.4,24421949440,1789143219.5348272,2026-09-11T16:13:42.471588+00:00
,,,,10900:llama-server.exe;16804:cmd.exe;18196:ollama app.exe;5732:ollama.exe,small,qwen3:4b,3.137304843001179,4238548992,2026-09-11T19:18:40.8526641+03:00,3178149969,3178149969,100.0,71.7,24539082752,1789143222.9795966,2026-09-11T16:13:46.047606+00:00
,,,,10900:llama-server.exe;16804:cmd.exe;18196:ollama app.exe;5732:ollama.exe,small,qwen3:4b,2.3976872982001844,4238548992,2026-09-11T19:18:40.8526641+03:00,3178149969,3178149969,100.0,66.7,22803804160,1789143226.5637796,2026-09-11T16:13:49.232715+00:00
,,,,10900:llama-server.exe;16804:cmd.exe;18196:ollama app.exe;5732:ollama.exe,small,qwen3:4b,2.624323541098871,4250886144,2026-09-11T19:18:49.2453567+03:00,3178149969,3178149969,100.0,67.9,23220748288,1789143229.739201,2026-09-11T16:13:52.878906+00:00
,,,,10900:llama-server.exe;16804:cmd.exe;18196:ollama app.exe;5732:ollama.exe,small,qwen3:4b,2.9271695198817373,4251074560,2026-09-11T19:18:49.2453567+03:00,3178149969,3178149969,100.0,69.6,23801716736,1789143233.3867805,2026-09-11T16:13:59.053592+00:00
,,,,10900:llama-server.exe;16804:cmd.exe;18196:ollama app.exe;5732:ollama.exe,small,qwen3:4b,2.946389294819816,4256952320,2026-09-11T19:19:01.6254326+03:00,3178149969,3178149969,99.9,69.4,23727108096,1789143239.5737317,2026-09-11T16:14:02.701077+00:00
,,,,10900:llama-server.exe;16804:cmd.exe;18196:ollama app.exe;5732:ollama.exe,small,qwen3:4b,2.691930504554265,4258582528,2026-09-11T19:19:01.6254326+03:00,3178149969,3178149969,99.8,71.3,24386813952,1789143243.201472,2026-09-11T16:14:05.755028+00:00
,,,,10900:llama-server.exe;16804:cmd.exe;18196:ollama app.exe;5732:ollama.exe,small,qwen3:4b,2.9315633007533197,4258234368,2026-09-11T19:19:01.6254326+03:00,3178149969,3178149969,100.0,71.1,24329875456,1789143246.2661765,2026-09-11T16:14:09.130263+00:00
,,,,10900:llama-server.exe;16804:cmd.exe;18196:ollama app.exe;5732:ollama.exe,small,qwen3:4b,2.5441658202536344,4257660928,2026-09-11T19:19:10.5818078+03:00,3178149969,3178149969,100.0,71.9,24612904960,1789143249.6440027,2026-09-11T16:14:12.401814+00:00
,,,,10900:llama-server.exe;16804:cmd.exe;18196:ollama app.exe;5732:ollama.exe,small,qwen3:4b,2.4286801920054746,4258402304,2026-09-11T19:19:10.5818078+03:00,3178149969,3178149969,97.8,72.3,24733261824,1789143252.9143832,2026-09-11T16:14:15.470829+00:00
,,,,10900:llama-server.exe;16804:cmd.exe;18196:ollama app.exe;5732:ollama.exe,small,qwen3:4b,2.76403774483319,4328538112,2026-09-11T19:19:17.8348124+03:00,3178149969,3178149969,100.0,72.1,24649043968,1789143255.9764042,2026-09-11T16:14:19.566973+00:00
,,,,10900:llama-server.exe;16804:cmd.exe;18196:ollama app.exe;5732:ollama.exe,small,qwen3:4b,2.4427667746247486,4330094592,2026-09-11T19:19:17.8348124+03:00,3178149969,3178149969,100.0,71.7,24515870720,1789143260.0807836,2026-09-11T16:14:22.875323+00:00
,,,,10900:llama-server.exe;16804:cmd.exe;18196:ollama app.exe;5732:ollama.exe,small,qwen3:4b,2.7235117250666256,4401586176,2026-09-11T19:19:25.4987587+03:00,3178149969,3178149969,92.8,69.3,23711858688,1789143263.3796036,2026-09-11T16:14:25.778954+00:00
,,,,10900:llama-server.exe;16804:cmd.exe;18196:ollama app.exe;5732:ollama.exe,small,qwen3:4b,2.02012862208914,4402888704,2026-09-11T19:19:25.4987587+03:00,3178149969,3178149969,26.6,65.4,22367309824,1789143266.2800996,2026-09-11T16:14:28.419495+00:00
,,,,10900:llama-server.exe;16804:cmd.exe;18196:ollama app.exe;5732:ollama.exe,small,qwen3:4b,2.550473506305639,4402888704,2026-09-11T19:19:25.4987587+03:00,3178149969,3178149969,18.2,63.6,21762084864,1789143268.9348354,2026-09-11T16:14:31.028725+00:00
,,,,10900:llama-server.exe;16804:cmd.exe;18196:ollama app.exe;5732:ollama.exe,small,qwen3:4b,2.7542770809712285,4402888704,2026-09-11T19:19:25.4987587+03:00,3178149969,3178149969,46.8,63.6,21742145536,1789143271.5349581,2026-09-11T16:14:33.639008+00:00
,,,,10900:llama-server.exe;16804:cmd.exe;18196:ollama app.exe;5732:ollama.exe,small,qwen3:4b,2.1947474886228853,4479750144,2026-09-11T19:19:33.7720203+03:00,3178149969,3178149969,18.0,64.3,21991075840,1789143274.1453571,2026-09-11T16:14:36.247229+00:00
,,,,10900:llama-server.exe;16804:cmd.exe;18196:ollama app.exe;5732:ollama.exe,small,qwen3:4b,2.6409698625080833,4479119360,2026-09-11T19:19:33.7720203+03:00,3178149969,3178149969,23.7,64.6,22105018368,1789143276.758428,2026-09-11T16:14:38.865598+00:00
,,,,10900:llama-server.exe;16804:cmd.exe;18196:ollama app.exe;5732:ollama.exe,small,qwen3:4b,3.2421337097637615,4484767744,2026-09-11T19:19:41.3159671+03:00,3178149969,3178149969,22.2,64.2,21974659072,1789143279.3689132,2026-09-11T16:14:41.469139+00:00
,,,,10900:llama-server.exe;16804:cmd.exe;18196:ollama app.exe;5732:ollama.exe,small,qwen3:4b,2.148780228850194,4485050368,2026-09-11T19:19:41.3159671+03:00,3178149969,3178149969,27.9,64.4,22037340160,1789143281.974558,2026-09-11T16:14:44.077625+00:00
,,,,10900:llama-server.exe;16804:cmd.exe;18196:ollama app.exe;5732:ollama.exe,small,qwen3:4b,2.739198023419608,4485050368,2026-09-11T19:19:41.3159671+03:00,3178149969,3178149969,18.4,64.5,22063665152,1789143284.5889943,2026-09-11T16:14:46.681906+00:00
,,,,10900:llama-server.exe;16804:cmd.exe;18196:ollama app.exe;5732:ollama.exe,small,qwen3:4b,2.5926333702827895,4485062656,2026-09-11T19:19:41.3159671+03:00,3178149969,3178149969,18.4,64.5,22063468544,1789143287.2005603,2026-09-11T16:14:49.331153+00:00
,,,,10900:llama-server.exe;16804:cmd.exe;18196:ollama app.exe;5732:ollama.exe,small,qwen3:4b,2.1714065883052314,4487143424,2026-09-11T19:19:50.5345384+03:00,3178149969,3178149969,16.7,63.9,21854842880,1789143289.839019,2026-09-11T16:14:51.944925+00:00
,,,,10900:llama-server.exe;16804:cmd.exe;18196:ollama app.exe;5732:ollama.exe,small,qwen3:4b,2.5468623569797084,4487233536,2026-09-11T19:19:50.5345384+03:00,3178149969,3178149969,22.2,64.1,21929844736,1789143292.446394,2026-09-11T16:14:54.544705+00:00
,,,,10900:llama-server.exe;16804:cmd.exe;18196:ollama app.exe;5732:ollama.exe,small,qwen3:4b,2.550080001289103,4488114176,2026-09-11T19:19:56.1032552+03:00,3178149969,3178149969,48.7,64.3,21987360768,1789143295.050479,2026-09-11T16:14:57.212839+00:00
,,,,10900:llama-server.exe;16804:cmd.exe;18196:ollama app.exe;5732:ollama.exe,small,qwen3:4b,2.5810849990188123,4487938048,2026-09-11T19:19:56.1032552+03:00,3178149969,3178149969,20.0,64.8,22176137216,1789143297.724177,2026-09-11T16:14:59.821603+00:00
,,,,10900:llama-server.exe;16804:cmd.exe;18196:ollama app.exe;5732:ollama.exe,small,qwen3:4b,2.598572482200559,4488704000,2026-09-11T19:20:01.2327632+03:00,3178149969,3178149969,32.5,64.8,22183034880,1789143300.3297741,2026-09-11T16:15:02.436078+00:00
,,,,10900:llama-server.exe;16804:cmd.exe;18196:ollama app.exe;5732:ollama.exe,small,qwen3:4b,2.5431941151382267,4488282112,2026-09-11T19:20:01.2327632+03:00,3178149969,3178149969,26.8,65.4,22362472448,1789143302.9409099,2026-09-11T16:15:05.036298+00:00
,,,,10900:llama-server.exe;16804:cmd.exe;18196:ollama app.exe;5732:ollama.exe,small,qwen3:4b,2.503037667814208,4487213056,2026-09-11T19:20:07.2925035+03:00,3178149969,3178149969,19.3,65.2,22303039488,1789143305.5419161,2026-09-11T16:15:07.644041+00:00
,,,,10900:llama-server.exe;16804:cmd.exe;18196:ollama app.exe;5732:ollama.exe,small,qwen3:4b,2.995176986276828,4487352320,2026-09-11T19:20:07.2925035+03:00,3178149969,3178149969,32.7,65.2,22292475904,1789143308.1502762,2026-09-11T16:15:10.254958+00:00
,,,,10900:llama-server.exe;16804:cmd.exe;18196:ollama app.exe;5732:ollama.exe,small,qwen3:4b,2.2900793048862544,4487159808,2026-09-11T19:20:12.6816424+03:00,3178149969,3178149969,28.3,64.8,22170050560,1789143310.7657242,2026-09-11T16:15:12.883349+00:00
,,,,10900:llama-server.exe;16804:cmd.exe;18196:ollama app.exe;5732:ollama.exe,small,qwen3:4b,2.8839073078871316,4492435456,2026-09-11T19:20:12.6816424+03:00,3178149969,3178149969,17.5,64.9,22207598592,1789143313.3844225,2026-09-11T16:15:15.494459+00:00
,,,,10900:llama-server.exe;16804:cmd.exe;18196:ollama app.exe;5732:ollama.exe,small,qwen3:4b,2.5824879762785327,4487139328,2026-09-11T19:20:17.7941328+03:00,3178149969,3178149969,21.7,64.9,22202585088,1789143316.0062482,2026-09-11T16:15:18.107280+00:00
,,,,10900:llama-server.exe;16804:cmd.exe;18196:ollama app.exe;5732:ollama.exe,small,qwen3:4b,3.149699140676565,4487290880,2026-09-11T19:20:17.7941328+03:00,3178149969,3178149969,21.1,64.7,22122639360,1789143318.6106637,2026-09-11T16:15:20.716226+00:00
,,,,10900:llama-server.exe;16804:cmd.exe;18196:ollama app.exe;5732:ollama.exe,small,qwen3:4b,2.7407636399161177,4487290880,2026-09-11T19:20:17.7941328+03:00,3178149969,3178149969,29.7,64.9,22192005120,1789143321.2236063,2026-09-11T16:15:23.354438+00:00
,,,,10900:llama-server.exe;16804:cmd.exe;18196:ollama app.exe;5732:ollama.exe,small,qwen3:4b,0.6415407580579717,4489027584,2026-09-11T19:20:23.9953742+03:00,3178149969,3178149969,26.9,65.1,22264627200,1789143323.862111,2026-09-11T16:15:25.979399+00:00
,,,,16804:cmd.exe;18196:ollama app.exe;5732:ollama.exe,medium,qwen3:8b,0.0,81551360,,,,0.0,51.6,17642147840,1789143328.4113302,2026-09-11T16:15:30.518324+00:00
,,,,16804:cmd.exe;18196:ollama app.exe;24840:llama-server.exe;5732:ollama.exe,medium,qwen3:8b,0.04981657957430845,1895456768,,,,24.9,54.6,18687361024,1789143331.0250852,2026-09-11T16:15:33.146276+00:00
,,,,16804:cmd.exe;18196:ollama app.exe;24840:llama-server.exe;5732:ollama.exe,medium,qwen3:8b,1.7323510917144018,2846302208,,,,32.0,57.6,19699544064,1789143333.6557827,2026-09-11T16:15:35.760710+00:00
,,,,16804:cmd.exe;18196:ollama app.exe;24840:llama-server.exe;5732:ollama.exe,medium,qwen3:8b,2.0414425504368454,3776376832,,,,34.6,60.3,20628545536,1789143336.2708657,2026-09-11T16:15:38.381952+00:00
,,,,16804:cmd.exe;18196:ollama app.exe;24840:llama-server.exe;5732:ollama.exe,medium,qwen3:8b,2.034168214298681,4710768640,,,,50.3,63.1,21576212480,1789143338.8953004,2026-09-11T16:15:41.012415+00:00
,,,,16804:cmd.exe;18196:ollama app.exe;24840:llama-server.exe;5732:ollama.exe,medium,qwen3:8b,2.326393228575428,5573730304,,,,60.9,66.4,22698012672,1789143341.5258925,2026-09-11T16:15:43.684501+00:00
,,,,16804:cmd.exe;18196:ollama app.exe;24840:llama-server.exe;5732:ollama.exe,medium,qwen3:8b,1.0719433037728718,5625208832,2026-09-11T19:20:46.2991227+03:00,5569815510,5569815510,34.1,68.6,23472664576,1789143344.1982198,2026-09-11T16:15:46.303649+00:00
,,,,16804:cmd.exe;18196:ollama app.exe;24840:llama-server.exe;5732:ollama.exe,medium,qwen3:8b,2.980711879648664,5627588608,2026-09-11T19:20:48.9945083+03:00,5569815510,5569815510,45.1,68.5,23429287936,1789143346.819238,2026-09-11T16:15:49.003361+00:00
,,,,16804:cmd.exe;18196:ollama app.exe;24840:llama-server.exe;5732:ollama.exe,medium,qwen3:8b,2.8029531366229343,5629218816,2026-09-11T19:20:51.6818655+03:00,5569815510,5569815510,71.0,70.0,23957569536,1789143349.5135689,2026-09-11T16:15:51.685385+00:00
,,,,16804:cmd.exe;18196:ollama app.exe;24840:llama-server.exe;5732:ollama.exe,medium,qwen3:8b,2.567143500611312,5629251584,2026-09-11T19:20:54.371589+03:00,5569815510,5569815510,52.6,70.2,24007958528,1789143352.201787,2026-09-11T16:15:54.375112+00:00
,,,,16804:cmd.exe;18196:ollama app.exe;24840:llama-server.exe;5732:ollama.exe,medium,qwen3:8b,1.7513413784865286,5694087168,2026-09-11T19:20:55.8629415+03:00,5569815510,5569815510,38.5,69.8,23874011136,1789143354.8783069,2026-09-11T16:15:57.010768+00:00
,,,,16804:cmd.exe;18196:ollama app.exe;24840:llama-server.exe;5732:ollama.exe,medium,qwen3:8b,2.4724228424949244,5696020480,2026-09-11T19:20:55.8629415+03:00,5569815510,5569815510,35.0,68.6,23477551104,1789143357.5115201,2026-09-11T16:15:59.629933+00:00
,,,,16804:cmd.exe;18196:ollama app.exe;24840:llama-server.exe;5732:ollama.exe,medium,qwen3:8b,2.483486497330601,5696458752,2026-09-11T19:20:55.8629415+03:00,5569815510,5569815510,40.7,68.7,23514673152,1789143360.1330028,2026-09-11T16:16:02.266155+00:00
,,,,16804:cmd.exe;18196:ollama app.exe;24840:llama-server.exe;5732:ollama.exe,medium,qwen3:8b,2.2142461548691115,5771948032,2026-09-11T19:21:04.4008383+03:00,5569815510,5569815510,64.3,69.0,23592382464,1789143362.7792194,2026-09-11T16:16:04.954151+00:00
,,,,16804:cmd.exe;18196:ollama app.exe;24840:llama-server.exe;5732:ollama.exe,medium,qwen3:8b,1.8422358319414303,5773778944,2026-09-11T19:21:04.4008383+03:00,5569815510,5569815510,39.1,69.4,23740092416,1789143365.465041,2026-09-11T16:16:07.585318+00:00
,,,,16804:cmd.exe;18196:ollama app.exe;24840:llama-server.exe;5732:ollama.exe,medium,qwen3:8b,2.43242880477624,5773340672,2026-09-11T19:21:04.4008383+03:00,5569815510,5569815510,32.3,69.8,23885037568,1789143368.0880194,2026-09-11T16:16:10.192812+00:00
,,,,16804:cmd.exe;18196:ollama app.exe;24840:llama-server.exe;5732:ollama.exe,medium,qwen3:8b,2.4383984828045153,5773365248,2026-09-11T19:21:04.4008383+03:00,5569815510,5569815510,28.3,69.5,23778971648,1789143370.7045763,2026-09-11T16:16:12.823507+00:00
,,,,16804:cmd.exe;18196:ollama app.exe;24840:llama-server.exe;5732:ollama.exe,medium,qwen3:8b,0.893485176611564,5850509312,2026-09-11T19:21:13.5658409+03:00,5569815510,5569815510,57.4,69.8,23872692224,1789143373.3277311,2026-09-11T16:16:15.530401+00:00
,,,,16804:cmd.exe;18196:ollama app.exe;24840:llama-server.exe;5732:ollama.exe,medium,qwen3:8b,4.3343942099435155,5853343744,2026-09-11T19:21:13.5658409+03:00,5569815510,5569815510,99.5,72.2,24703832064,1789143376.0313962,2026-09-11T16:16:19.665368+00:00
,,,,16804:cmd.exe;18196:ollama app.exe;24840:llama-server.exe;5732:ollama.exe,medium,qwen3:8b,1.4462322650583535,5929037824,2026-09-11T19:21:21.6343999+03:00,5569815510,5569815510,72.5,75.5,25822908416,1789143380.1729047,2026-09-11T16:16:22.416814+00:00
,,,,16804:cmd.exe;18196:ollama app.exe;24840:llama-server.exe;5732:ollama.exe,medium,qwen3:8b,2.1245525869989415,5930868736,2026-09-11T19:21:21.6343999+03:00,5569815510,5569815510,31.9,69.9,23916990464,1789143382.9308383,2026-09-11T16:16:25.052381+00:00
,,,,16804:cmd.exe;18196:ollama app.exe;24840:llama-server.exe;5732:ollama.exe,medium,qwen3:8b,2.480400010524744,5930553344,2026-09-11T19:21:21.6343999+03:00,5569815510,5569815510,22.1,69.7,23851130880,1789143385.555583,2026-09-11T16:16:27.667822+00:00
,,,,16804:cmd.exe;18196:ollama app.exe;24840:llama-server.exe;5732:ollama.exe,medium,qwen3:8b,2.5399097342080688,5930512384,2026-09-11T19:21:21.6343999+03:00,5569815510,5569815510,29.7,70.0,23929860096,1789143388.1700952,2026-09-11T16:16:30.282238+00:00
,,,,16804:cmd.exe;18196:ollama app.exe;24840:llama-server.exe;5732:ollama.exe,medium,qwen3:8b,0.8950114202634176,6009790464,2026-09-11T19:21:31.1348596+03:00,5569815510,5569815510,19.5,69.6,23822327808,1789143390.7887769,2026-09-11T16:16:32.891232+00:00
,,,,16804:cmd.exe;18196:ollama app.exe;24840:llama-server.exe;5732:ollama.exe,medium,qwen3:8b,3.3866825076951126,6011621376,2026-09-11T19:21:31.1348596+03:00,5569815510,5569815510,21.4,69.6,23800082432,1789143393.403184,2026-09-11T16:16:35.506214+00:00
,,,,16804:cmd.exe;18196:ollama app.exe;24840:llama-server.exe;5732:ollama.exe,medium,qwen3:8b,2.5486663991064735,6012448768,2026-09-11T19:21:31.1348596+03:00,5569815510,5569815510,24.6,69.6,23811411968,1789143396.0087132,2026-09-11T16:16:38.121113+00:00
,,,,16804:cmd.exe;18196:ollama app.exe;24840:llama-server.exe;5732:ollama.exe,medium,qwen3:8b,2.5845854026719914,6012481536,2026-09-11T19:21:31.1348596+03:00,5569815510,5569815510,22.7,69.8,23869198336,1789143398.6284113,2026-09-11T16:16:40.738383+00:00
,,,,16804:cmd.exe;18196:ollama app.exe;24840:llama-server.exe;5732:ollama.exe,medium,qwen3:8b,2.4336833002027967,6014341120,2026-09-11T19:21:43.1930513+03:00,5569815510,5569815510,30.8,70.1,23976366080,1789143401.2500377,2026-09-11T16:16:43.354210+00:00
,,,,16804:cmd.exe;18196:ollama app.exe;24840:llama-server.exe;5732:ollama.exe,medium,qwen3:8b,1.5436685000587038,6014341120,2026-09-11T19:21:43.1930513+03:00,5569815510,5569815510,21.9,69.6,23821279232,1789143403.8648856,2026-09-11T16:16:45.968800+00:00
,,,,16804:cmd.exe;18196:ollama app.exe;24840:llama-server.exe;5732:ollama.exe,medium,qwen3:8b,2.73489033184461,6016303104,2026-09-11T19:21:43.1930513+03:00,5569815510,5569815510,21.8,69.6,23810510848,1789143406.4834397,2026-09-11T16:16:48.587314+00:00
,,,,16804:cmd.exe;18196:ollama app.exe;24840:llama-server.exe;5732:ollama.exe,medium,qwen3:8b,2.448974835576794,6016376832,2026-09-11T19:21:43.1930513+03:00,5569815510,5569815510,23.3,69.6,23820414976,1789143409.0886965,2026-09-11T16:16:51.190755+00:00
,,,,16804:cmd.exe;18196:ollama app.exe;24840:llama-server.exe;5732:ollama.exe,medium,qwen3:8b,1.7005690014200308,6021963776,2026-09-11T19:21:52.7393864+03:00,5569815510,5569815510,21.9,69.1,23641034752,1789143411.6919918,2026-09-11T16:16:53.802927+00:00
,,,,16804:cmd.exe;18196:ollama app.exe;24840:llama-server.exe;5732:ollama.exe,medium,qwen3:8b,2.4383562683991165,6023790592,2026-09-11T19:21:52.7393864+03:00,5569815510,5569815510,44.4,69.2,23663898624,1789143414.308594,2026-09-11T16:16:56.439504+00:00
,,,,16804:cmd.exe;18196:ollama app.exe;24840:llama-server.exe;5732:ollama.exe,medium,qwen3:8b,4.286430591338259,6024318976,2026-09-11T19:21:52.7393864+03:00,5569815510,5569815510,98.8,72.1,24656617472,1789143416.9513814,2026-09-11T16:17:00.919712+00:00
,,,,16804:cmd.exe;18196:ollama app.exe;24840:llama-server.exe;5732:ollama.exe,medium,qwen3:8b,1.600639147261768,6026395648,2026-09-11T19:22:02.7006277+03:00,5569815510,5569815510,100.0,76.0,25996660736,1789143421.4255056,2026-09-11T16:17:05.372283+00:00
,,,,16804:cmd.exe;18196:ollama app.exe;24840:llama-server.exe;5732:ollama.exe,medium,qwen3:8b,2.6919997478964866,6028460032,2026-09-11T19:22:02.7006277+03:00,5569815510,5569815510,98.6,75.1,25675034624,1789143425.8754194,2026-09-11T16:17:09.217776+00:00
,,,,16804:cmd.exe;18196:ollama app.exe;24840:llama-server.exe;5732:ollama.exe,medium,qwen3:8b,1.8613478453688252,6032261120,2026-09-11T19:22:11.8740329+03:00,5569815510,5569815510,99.2,77.1,26378395648,1789143429.7228777,2026-09-11T16:17:12.679188+00:00
,,,,16804:cmd.exe;18196:ollama app.exe;24840:llama-server.exe;5732:ollama.exe,medium,qwen3:8b,2.748768047167548,6034849792,2026-09-11T19:22:11.8740329+03:00,5569815510,5569815510,98.0,78.7,26911408128,1789143433.228236,2026-09-11T16:17:16.794408+00:00
,,,,16804:cmd.exe;18196:ollama app.exe;24840:llama-server.exe;5732:ollama.exe,medium,qwen3:8b,2.2061585470377696,6034874368,2026-09-11T19:22:11.8740329+03:00,5569815510,5569815510,98.4,77.9,26658979840,1789143437.3006427,2026-09-11T16:17:20.368166+00:00
,,,,16804:cmd.exe;18196:ollama app.exe;24840:llama-server.exe;5732:ollama.exe,medium,qwen3:8b,1.6043018405287528,6038130688,2026-09-11T19:22:22.4649617+03:00,5569815510,5569815510,99.4,78.7,26920382464,1789143440.8717704,2026-09-11T16:17:24.098946+00:00
,,,,16804:cmd.exe;18196:ollama app.exe;24840:llama-server.exe;5732:ollama.exe,medium,qwen3:8b,3.4850070779634414,6040190976,2026-09-11T19:22:22.4649617+03:00,5569815510,5569815510,99.5,77.6,26537639936,1789143444.6080134,2026-09-11T16:17:28.946235+00:00
,,,,16804:cmd.exe;18196:ollama app.exe;24840:llama-server.exe;5732:ollama.exe,medium,qwen3:8b,2.1179850630161168,6121852928,2026-09-11T19:22:32.150323+03:00,5569815510,5569815510,99.9,76.6,26216452096,1789143449.4647324,2026-09-11T16:17:32.555313+00:00
,,,,16804:cmd.exe;18196:ollama app.exe;24840:llama-server.exe;5732:ollama.exe,medium,qwen3:8b,1.8442867323961325,6123679744,2026-09-11T19:22:32.150323+03:00,5569815510,5569815510,99.5,75.9,25948020736,1789143453.0653791,2026-09-11T16:17:36.594293+00:00
,,,,16804:cmd.exe;18196:ollama app.exe;24840:llama-server.exe;5732:ollama.exe,medium,qwen3:8b,3.1954674140598156,6123671552,2026-09-11T19:22:32.150323+03:00,5569815510,5569815510,100.0,72.4,24759848960,1789143457.0994134,2026-09-11T16:17:40.859623+00:00
,,,,16804:cmd.exe;18196:ollama app.exe;24840:llama-server.exe;5732:ollama.exe,medium,qwen3:8b,2.3478391450432845,6125776896,2026-09-11T19:22:42.8302244+03:00,5569815510,5569815510,100.0,75.3,25750003712,1789143461.3697407,2026-09-11T16:17:44.915229+00:00
,,,,16804:cmd.exe;18196:ollama app.exe;24840:llama-server.exe;5732:ollama.exe,medium,qwen3:8b,2.0857940261947183,6126157824,2026-09-11T19:22:42.8302244+03:00,5569815510,5569815510,99.2,74.0,25297465344,1789143465.427448,2026-09-11T16:17:48.139401+00:00
,,,,16804:cmd.exe;18196:ollama app.exe;24840:llama-server.exe;5732:ollama.exe,medium,qwen3:8b,2.3426700223821193,6126198784,2026-09-11T19:22:42.8302244+03:00,5569815510,5569815510,94.4,75.8,25925103616,1789143468.6511557,2026-09-11T16:17:51.138598+00:00
,,,,16804:cmd.exe;18196:ollama app.exe;24840:llama-server.exe;5732:ollama.exe,medium,qwen3:8b,2.132798093505658,6126362624,2026-09-11T19:22:52.217088+03:00,5569815510,5569815510,95.5,76.0,26002296832,1789143471.642629,2026-09-11T16:17:54.117203+00:00
,,,,16804:cmd.exe;18196:ollama app.exe;24840:llama-server.exe;5732:ollama.exe,medium,qwen3:8b,3.1859536235057417,6126432256,2026-09-11T19:22:52.217088+03:00,5569815510,5569815510,96.8,76.2,26056081408,1789143474.6261024,2026-09-11T16:17:57.622769+00:00
,,,,16804:cmd.exe;18196:ollama app.exe;24840:llama-server.exe;5732:ollama.exe,medium,qwen3:8b,2.966545406135642,6126501888,2026-09-11T19:22:52.217088+03:00,5569815510,5569815510,98.2,76.0,25985499136,1789143478.137482,2026-09-11T16:18:01.696645+00:00
,,,,16804:cmd.exe;18196:ollama app.exe;24840:llama-server.exe;5732:ollama.exe,medium,qwen3:8b,2.144747184678381,6194360320,2026-09-11T19:23:02.8100978+03:00,5569815510,5569815510,99.1,76.0,26005958656,1789143482.2050748,2026-09-11T16:18:05.144067+00:00
,,,,16804:cmd.exe;18196:ollama app.exe;24840:llama-server.exe;5732:ollama.exe,medium,qwen3:8b,2.4531236531787712,6196588544,2026-09-11T19:23:02.8100978+03:00,5569815510,5569815510,65.0,74.4,25442332672,1789143485.6551828,2026-09-11T16:18:08.096844+00:00
,,,,16804:cmd.exe;18196:ollama app.exe;24840:llama-server.exe;5732:ollama.exe,medium,qwen3:8b,2.1240814444052,6196625408,2026-09-11T19:23:02.8100978+03:00,5569815510,5569815510,18.1,68.8,23535292416,1789143488.5976312,2026-09-11T16:18:10.699828+00:00
,,,,16804:cmd.exe;18196:ollama app.exe;24840:llama-server.exe;5732:ollama.exe,medium,qwen3:8b,2.1479280438983284,6196654080,2026-09-11T19:23:10.9048482+03:00,5569815510,5569815510,45.9,68.3,23378378752,1789143491.20431,2026-09-11T16:18:13.322096+00:00
,,,,16804:cmd.exe;18196:ollama app.exe;24840:llama-server.exe;5732:ollama.exe,medium,qwen3:8b,2.6342990374993964,6196723712,2026-09-11T19:23:10.9048482+03:00,5569815510,5569815510,40.9,69.0,23611404288,1789143493.823998,2026-09-11T16:18:15.937628+00:00
,,,,16804:cmd.exe;18196:ollama app.exe;24840:llama-server.exe;5732:ollama.exe,medium,qwen3:8b,2.3403263700807013,6196748288,2026-09-11T19:23:10.9048482+03:00,5569815510,5569815510,35.2,70.2,24006692864,1789143496.4389288,2026-09-11T16:18:18.560100+00:00
,,,,16804:cmd.exe;18196:ollama app.exe;24840:llama-server.exe;5732:ollama.exe,medium,qwen3:8b,1.7788767076883434,6195130368,2026-09-11T19:23:20.3952534+03:00,5569815510,5569815510,27.5,70.6,24161087488,1789143499.0740187,2026-09-11T16:18:21.181180+00:00
,,,,16804:cmd.exe;18196:ollama app.exe;24840:llama-server.exe;5732:ollama.exe,medium,qwen3:8b,2.83064118893186,6196944896,2026-09-11T19:23:20.3952534+03:00,5569815510,5569815510,19.0,69.9,23906041856,1789143501.6959953,2026-09-11T16:18:23.798739+00:00
,,,,16804:cmd.exe;18196:ollama app.exe;24840:llama-server.exe;5732:ollama.exe,medium,qwen3:8b,2.4973851688306454,6196977664,2026-09-11T19:23:20.3952534+03:00,5569815510,5569815510,21.1,70.2,24006492160,1789143504.3028886,2026-09-11T16:18:26.405968+00:00
,,,,16804:cmd.exe;18196:ollama app.exe;24840:llama-server.exe;5732:ollama.exe,medium,qwen3:8b,2.5876261750526823,6195265536,2026-09-11T19:23:28.6746222+03:00,5569815510,5569815510,28.1,70.6,24155246592,1789143506.9195082,2026-09-11T16:18:29.042049+00:00
,,,,16804:cmd.exe;18196:ollama app.exe;24840:llama-server.exe;5732:ollama.exe,medium,qwen3:8b,2.277990570657397,6197092352,2026-09-11T19:23:28.6746222+03:00,5569815510,5569815510,20.7,70.1,23984685056,1789143509.5488358,2026-09-11T16:18:31.650945+00:00
,,,,16804:cmd.exe;18196:ollama app.exe;24840:llama-server.exe;5732:ollama.exe,medium,qwen3:8b,2.486448672621274,6197207040,2026-09-11T19:23:28.6746222+03:00,5569815510,5569815510,18.7,70.8,24219439104,1789143512.1671953,2026-09-11T16:18:34.264448+00:00
,,,,16804:cmd.exe;18196:ollama app.exe;24840:llama-server.exe;5732:ollama.exe,medium,qwen3:8b,2.3961153068336323,6197219328,2026-09-11T19:23:28.6746222+03:00,5569815510,5569815510,20.3,70.0,23960522752,1789143514.775584,2026-09-11T16:18:36.876559+00:00
,,,,16804:cmd.exe;18196:ollama app.exe;24840:llama-server.exe;5732:ollama.exe,medium,qwen3:8b,0.8991863746335484,6195474432,2026-09-11T19:23:37.6714527+03:00,5569815510,5569815510,24.1,70.7,24169398272,1789143517.382107,2026-09-11T16:18:39.503515+00:00
,,,,16804:cmd.exe;18196:ollama app.exe;24840:llama-server.exe;5732:ollama.exe,medium,qwen3:8b,3.5208212796028424,6197321728,2026-09-11T19:23:37.6714527+03:00,5569815510,5569815510,26.5,70.1,23969579008,1789143520.0078557,2026-09-11T16:18:42.108563+00:00
,,,,16804:cmd.exe;18196:ollama app.exe;24840:llama-server.exe;5732:ollama.exe,medium,qwen3:8b,2.342522842661058,6197350400,2026-09-11T19:23:37.6714527+03:00,5569815510,5569815510,26.0,70.1,23969898496,1789143522.6203346,2026-09-11T16:18:44.728515+00:00
,,,,16804:cmd.exe;18196:ollama app.exe;24840:llama-server.exe;5732:ollama.exe,medium,qwen3:8b,2.5878166967223097,6276714496,2026-09-11T19:23:47.1943241+03:00,5569815510,5569815510,28.2,69.2,23687536640,1789143525.2367616,2026-09-11T16:18:47.338610+00:00
,,,,16804:cmd.exe;18196:ollama app.exe;24840:llama-server.exe;5732:ollama.exe,medium,qwen3:8b,1.595447608765504,6278541312,2026-09-11T19:23:47.1943241+03:00,5569815510,5569815510,31.1,69.4,23745974272,1789143527.8483589,2026-09-11T16:18:49.984203+00:00
,,,,16804:cmd.exe;18196:ollama app.exe;24840:llama-server.exe;5732:ollama.exe,medium,qwen3:8b,2.511118810500272,6278619136,2026-09-11T19:23:47.1943241+03:00,5569815510,5569815510,26.4,69.1,23653281792,1789143530.4928474,2026-09-11T16:18:52.605355+00:00
,,,,16804:cmd.exe;18196:ollama app.exe;24840:llama-server.exe;5732:ollama.exe,medium,qwen3:8b,2.3876475236071926,6278631424,2026-09-11T19:23:47.1943241+03:00,5569815510,5569815510,22.7,69.2,23681847296,1789143533.1104867,2026-09-11T16:18:55.212729+00:00
,,,,16804:cmd.exe;18196:ollama app.exe;24840:llama-server.exe;5732:ollama.exe,medium,qwen3:8b,1.3977174482394352,6357950464,2026-09-11T19:23:56.5230927+03:00,5569815510,5569815510,16.8,69.4,23746965504,1789143535.7189062,2026-09-11T16:18:57.827090+00:00
,,,,16804:cmd.exe;18196:ollama app.exe;24840:llama-server.exe;5732:ollama.exe,medium,qwen3:8b,2.787109364023906,6359777280,2026-09-11T19:23:56.5230927+03:00,5569815510,5569815510,20.7,69.7,23832489984,1789143538.3351173,2026-09-11T16:19:00.423756+00:00
,,,,16804:cmd.exe;18196:ollama app.exe;24840:llama-server.exe;5732:ollama.exe,medium,qwen3:8b,2.609349958334589,6359793664,2026-09-11T19:23:56.5230927+03:00,5569815510,5569815510,15.6,69.4,23726858240,1789143540.9299526,2026-09-11T16:19:03.030301+00:00
,,,,16804:cmd.exe;18196:ollama app.exe;24840:llama-server.exe;5732:ollama.exe,medium,qwen3:8b,2.4504405378786815,6359818240,2026-09-11T19:23:56.5230927+03:00,5569815510,5569815510,23.6,69.5,23767891968,1789143543.533651,2026-09-11T16:19:05.629262+00:00
,,,,16804:cmd.exe;18196:ollama app.exe;24840:llama-server.exe;5732:ollama.exe,medium,qwen3:8b,1.0520141988160805,6439907328,2026-09-11T19:24:06.6596876+03:00,5569815510,5569815510,26.8,69.7,23828951040,1789143546.1328318,2026-09-11T16:19:08.243925+00:00
,,,,16804:cmd.exe;18196:ollama app.exe;24840:llama-server.exe;5732:ollama.exe,medium,qwen3:8b,2.84024428786962,6441734144,2026-09-11T19:24:06.6596876+03:00,5569815510,5569815510,28.0,69.6,23795875840,1789143548.7459433,2026-09-11T16:19:10.843151+00:00
,,,,16804:cmd.exe;18196:ollama app.exe;24840:llama-server.exe;5732:ollama.exe,medium,qwen3:8b,2.649532968065688,6441832448,2026-09-11T19:24:06.6596876+03:00,5569815510,5569815510,19.3,69.7,23826915328,1789143551.350569,2026-09-11T16:19:13.457406+00:00
,,,,16804:cmd.exe;18196:ollama app.exe;24840:llama-server.exe;5732:ollama.exe,medium,qwen3:8b,2.392126889015912,6441861120,2026-09-11T19:24:06.6596876+03:00,5569815510,5569815510,18.8,69.7,23858556928,1789143553.9633067,2026-09-11T16:19:16.053492+00:00
,,,,16804:cmd.exe;18196:ollama app.exe;24840:llama-server.exe;5732:ollama.exe,medium,qwen3:8b,0.7028245533885418,6521958400,2026-09-11T19:24:16.5836391+03:00,5569815510,5569815510,22.4,70.0,23947235328,1789143556.5570076,2026-09-11T16:19:18.653020+00:00
,,,,16804:cmd.exe;18196:ollama app.exe;24840:llama-server.exe;5732:ollama.exe,medium,qwen3:8b,3.5939305260808476,6523699200,2026-09-11T19:24:16.5836391+03:00,5569815510,5569815510,31.6,69.8,23863107584,1789143559.1655722,2026-09-11T16:19:21.270767+00:00
,,,,16804:cmd.exe;18196:ollama app.exe;24840:llama-server.exe;5732:ollama.exe,medium,qwen3:8b,2.4353372896158354,6523719680,2026-09-11T19:24:16.5836391+03:00,5569815510,5569815510,29.7,70.3,24039092224,1789143561.785418,2026-09-11T16:19:23.892088+00:00
,,,,16804:cmd.exe;18196:ollama app.exe;24840:llama-server.exe;5732:ollama.exe,medium,qwen3:8b,2.0908634474088266,6601179136,2026-09-11T19:24:26.1565414+03:00,5569815510,5569815510,25.8,70.0,23930699776,1789143564.4009643,2026-09-11T16:19:26.503185+00:00
,,,,16804:cmd.exe;18196:ollama app.exe;24840:llama-server.exe;5732:ollama.exe,medium,qwen3:8b,1.7415852963599974,6603005952,2026-09-11T19:24:26.1565414+03:00,5569815510,5569815510,39.5,70.5,24123219968,1789143567.0177133,2026-09-11T16:19:29.143846+00:00
,,,,16804:cmd.exe;18196:ollama app.exe;24840:llama-server.exe;5732:ollama.exe,medium,qwen3:8b,2.925181042208922,6603128832,2026-09-11T19:24:26.1565414+03:00,5569815510,5569815510,26.4,70.1,23981608960,1789143569.6439753,2026-09-11T16:19:31.739555+00:00
,,,,16804:cmd.exe;18196:ollama app.exe;24840:llama-server.exe;5732:ollama.exe,medium,qwen3:8b,2.4033305432118914,6603157504,2026-09-11T19:24:26.1565414+03:00,5569815510,5569815510,19.2,70.2,24027295744,1789143572.244533,2026-09-11T16:19:34.339117+00:00
,,,,16804:cmd.exe;18196:ollama app.exe;24840:llama-server.exe;5732:ollama.exe,medium,qwen3:8b,1.705340012451098,6601019392,2026-09-11T19:24:35.9596042+03:00,5569815510,5569815510,22.0,70.4,24083243008,1789143574.8405452,2026-09-11T16:19:36.938802+00:00
,,,,16804:cmd.exe;18196:ollama app.exe;24840:llama-server.exe;5732:ollama.exe,medium,qwen3:8b,2.4987405639906353,6602846208,2026-09-11T19:24:35.9596042+03:00,5569815510,5569815510,21.0,70.6,24158064640,1789143577.4460244,2026-09-11T16:19:39.541027+00:00
,,,,16804:cmd.exe;18196:ollama app.exe;24840:llama-server.exe;5732:ollama.exe,medium,qwen3:8b,2.706421391110066,6602727424,2026-09-11T19:24:35.9596042+03:00,5569815510,5569815510,30.9,70.2,24014069760,1789143580.0440123,2026-09-11T16:19:42.136819+00:00
,,,,16804:cmd.exe;18196:ollama app.exe;24840:llama-server.exe;5732:ollama.exe,medium,qwen3:8b,2.401347386873018,6602739712,2026-09-11T19:24:35.9596042+03:00,5569815510,5569815510,19.5,70.6,24141316096,1789143582.6467178,2026-09-11T16:19:44.752266+00:00
,,,,16804:cmd.exe;18196:ollama app.exe;24840:llama-server.exe;5732:ollama.exe,medium,qwen3:8b,1.0474935022577354,6606544896,2026-09-11T19:24:45.6858735+03:00,5569815510,5569815510,27.4,70.5,24110366720,1789143585.2571158,2026-09-11T16:19:47.355693+00:00
,,,,16804:cmd.exe;18196:ollama app.exe;24840:llama-server.exe;5732:ollama.exe,medium,qwen3:8b,3.2041995470565015,6608203776,2026-09-11T19:24:45.6858735+03:00,5569815510,5569815510,24.6,70.7,24184250368,1789143587.8578694,2026-09-11T16:19:49.960346+00:00
,,,,16804:cmd.exe;18196:ollama app.exe;24840:llama-server.exe;5732:ollama.exe,medium,qwen3:8b,2.4485759731347647,6608211968,2026-09-11T19:24:45.6858735+03:00,5569815510,5569815510,19.2,70.3,24055099392,1789143590.4635506,2026-09-11T16:19:52.584444+00:00
,,,,16804:cmd.exe;18196:ollama app.exe;24840:llama-server.exe;5732:ollama.exe,medium,qwen3:8b,2.3343582042786544,6678990848,2026-09-11T19:24:54.97732+03:00,5569815510,5569815510,16.1,70.4,24084066304,1789143593.085167,2026-09-11T16:19:55.180090+00:00
,,,,16804:cmd.exe;18196:ollama app.exe;24840:llama-server.exe;5732:ollama.exe,medium,qwen3:8b,1.8000338934604574,6680817664,2026-09-11T19:24:54.97732+03:00,5569815510,5569815510,29.6,70.7,24179187712,1789143595.6892846,2026-09-11T16:19:57.795010+00:00
,,,,16804:cmd.exe;18196:ollama app.exe;24840:llama-server.exe;5732:ollama.exe,medium,qwen3:8b,2.5922521185230702,6680940544,2026-09-11T19:24:54.97732+03:00,5569815510,5569815510,20.9,70.8,24232472576,1789143598.3012347,2026-09-11T16:20:00.401244+00:00
,,,,16804:cmd.exe;18196:ollama app.exe;24840:llama-server.exe;5732:ollama.exe,medium,qwen3:8b,2.492827491407931,6680965120,2026-09-11T19:25:03.0166059+03:00,5569815510,5569815510,34.4,70.6,24134680576,1789143600.9128942,2026-09-11T16:20:03.027797+00:00
,,,,16804:cmd.exe;18196:ollama app.exe;24840:llama-server.exe;5732:ollama.exe,medium,qwen3:8b,1.930638176024072,6751748096,2026-09-11T19:25:03.0166059+03:00,5569815510,5569815510,25.9,71.0,24285720576,1789143603.5431774,2026-09-11T16:20:05.636565+00:00
,,,,16804:cmd.exe;18196:ollama app.exe;24840:llama-server.exe;5732:ollama.exe,medium,qwen3:8b,2.598889238165878,6751506432,2026-09-11T19:25:03.0166059+03:00,5569815510,5569815510,27.4,71.2,24358092800,1789143606.148457,2026-09-11T16:20:08.258741+00:00
,,,,16804:cmd.exe;18196:ollama app.exe;24840:llama-server.exe;5732:ollama.exe,medium,qwen3:8b,2.4441180205388893,6751514624,2026-09-11T19:25:03.0166059+03:00,5569815510,5569815510,23.7,70.8,24228102144,1789143608.7588909,2026-09-11T16:20:10.873887+00:00
,,,,16804:cmd.exe;18196:ollama app.exe;24840:llama-server.exe;5732:ollama.exe,medium,qwen3:8b,1.8332318143959236,6822199296,2026-09-11T19:25:10.9112537+03:00,5569815510,5569815510,27.6,71.1,24308187136,1789143611.3868773,2026-09-11T16:20:13.483918+00:00
,,,,16804:cmd.exe;18196:ollama app.exe;24840:llama-server.exe;5732:ollama.exe,medium,qwen3:8b,2.503229034058857,6822432768,2026-09-11T19:25:10.9112537+03:00,5569815510,5569815510,19.4,71.0,24304345088,1789143613.9876847,2026-09-11T16:20:16.081539+00:00
,,,,16804:cmd.exe;18196:ollama app.exe;24840:llama-server.exe;5732:ollama.exe,medium,qwen3:8b,2.558845227016117,6822432768,2026-09-11T19:25:10.9112537+03:00,5569815510,5569815510,24.5,70.9,24252788736,1789143616.5828495,2026-09-11T16:20:18.677766+00:00
,,,,16804:cmd.exe;18196:ollama app.exe;24840:llama-server.exe;5732:ollama.exe,medium,qwen3:8b,2.0551966973130056,6895230976,2026-09-11T19:25:20.7542987+03:00,5569815510,5569815510,22.2,71.0,24280412160,1789143619.1804314,2026-09-11T16:20:21.289534+00:00
,,,,16804:cmd.exe;18196:ollama app.exe;24840:llama-server.exe;5732:ollama.exe,medium,qwen3:8b,2.2947070056272483,6897057792,2026-09-11T19:25:20.7542987+03:00,5569815510,5569815510,23.1,71.4,24410071040,1789143621.7906048,2026-09-11T16:20:23.899045+00:00
,,,,16804:cmd.exe;18196:ollama app.exe;24840:llama-server.exe;5732:ollama.exe,medium,qwen3:8b,2.690739824805203,6897000448,2026-09-11T19:25:20.7542987+03:00,5569815510,5569815510,24.2,71.4,24430018560,1789143624.4037337,2026-09-11T16:20:26.502384+00:00
,,,,16804:cmd.exe;18196:ollama app.exe;24840:llama-server.exe;5732:ollama.exe,medium,qwen3:8b,2.7041328637068878,6897049600,2026-09-11T19:25:20.7542987+03:00,5569815510,5569815510,25.3,71.5,24466591744,1789143627.0039203,2026-09-11T16:20:29.121529+00:00
,,,,16804:cmd.exe;18196:ollama app.exe;24840:llama-server.exe;5732:ollama.exe,medium,qwen3:8b,2.9744082703944805,6894931968,2026-09-11T19:25:29.7184523+03:00,5569815510,5569815510,69.4,71.1,24338206720,1789143629.6304932,2026-09-11T16:20:32.164204+00:00
,,,,16804:cmd.exe;18196:ollama app.exe;24840:llama-server.exe;5732:ollama.exe,medium,qwen3:8b,2.4806679450719087,6894878720,2026-09-11T19:25:29.7184523+03:00,5569815510,5569815510,73.2,72.4,24762810368,1789143632.674868,2026-09-11T16:20:34.891148+00:00
,,,,16804:cmd.exe;18196:ollama app.exe;24840:llama-server.exe;5732:ollama.exe,medium,qwen3:8b,2.395726599282762,6894895104,2026-09-11T19:25:35.9747716+03:00,5569815510,5569815510,62.4,73.1,24991653888,1789143635.3923805,2026-09-11T16:20:37.593893+00:00
,,,,16804:cmd.exe;18196:ollama app.exe;24840:llama-server.exe;5732:ollama.exe,medium,qwen3:8b,2.5518746265575847,6894915584,2026-09-11T19:25:35.9747716+03:00,5569815510,5569815510,37.9,72.7,24883802112,1789143638.0966833,2026-09-11T16:20:40.230333+00:00
,,,,16804:cmd.exe;18196:ollama app.exe;24840:llama-server.exe;5732:ollama.exe,medium,qwen3:8b,2.713365263071048,6894911488,2026-09-11T19:25:35.9747716+03:00,5569815510,5569815510,20.4,71.3,24397656064,1789143640.7360103,2026-09-11T16:20:42.825565+00:00
,,,,16804:cmd.exe;18196:ollama app.exe;24840:llama-server.exe;5732:ollama.exe,medium,qwen3:8b,2.358122237130546,6894936064,2026-09-11T19:25:43.5132643+03:00,5569815510,5569815510,29.1,71.6,24495960064,1789143643.3312073,2026-09-11T16:20:45.441546+00:00
,,,,16804:cmd.exe;18196:ollama app.exe;24840:llama-server.exe;5732:ollama.exe,medium,qwen3:8b,2.5932368339053737,6894993408,2026-09-11T19:25:43.5132643+03:00,5569815510,5569815510,32.9,71.9,24600481792,1789143645.9421656,2026-09-11T16:20:48.048040+00:00
,,,,16804:cmd.exe;18196:ollama app.exe;24840:llama-server.exe;5732:ollama.exe,medium,qwen3:8b,2.595761449825002,6894936064,2026-09-11T19:25:43.5132643+03:00,5569815510,5569815510,24.8,72.1,24648019968,1789143648.5505846,2026-09-11T16:20:50.657928+00:00
,,,,16804:cmd.exe;18196:ollama app.exe;24840:llama-server.exe;5732:ollama.exe,medium,qwen3:8b,1.9894368238757676,6894968832,2026-09-11T19:25:51.1186281+03:00,5569815510,5569815510,42.6,72.3,24729042944,1789143651.1685784,2026-09-11T16:20:53.284914+00:00
,,,,16804:cmd.exe;18196:ollama app.exe;24840:llama-server.exe;5732:ollama.exe,medium,qwen3:8b,2.735273613415371,6895071232,2026-09-11T19:25:51.1186281+03:00,5569815510,5569815510,30.5,71.7,24514781184,1789143653.7867656,2026-09-11T16:20:55.894216+00:00
,,,,16804:cmd.exe;18196:ollama app.exe;24840:llama-server.exe;5732:ollama.exe,medium,qwen3:8b,2.731634410239094,6895017984,2026-09-11T19:25:51.1186281+03:00,5569815510,5569815510,62.0,71.7,24543514624,1789143656.4084408,2026-09-11T16:20:58.550621+00:00
,,,,16804:cmd.exe;18196:ollama app.exe;24840:llama-server.exe;5732:ollama.exe,medium,qwen3:8b,2.457843129842404,6894878720,2026-09-11T19:25:59.2875747+03:00,5569815510,5569815510,89.4,73.1,24998260736,1789143659.057274,2026-09-11T16:21:01.363775+00:00
,,,,16804:cmd.exe;18196:ollama app.exe;24840:llama-server.exe;5732:ollama.exe,medium,qwen3:8b,4.262719596822598,6894882816,2026-09-11T19:25:59.2875747+03:00,5569815510,5569815510,99.1,75.3,25754394624,1789143661.867491,2026-09-11T16:21:05.345792+00:00
,,,,16804:cmd.exe;18196:ollama app.exe;24840:llama-server.exe;5732:ollama.exe,medium,qwen3:8b,1.5350970179648782,6894903296,2026-09-11T19:26:05.4341914+03:00,5569815510,5569815510,87.2,73.5,25160269824,1789143665.854074,2026-09-11T16:21:08.267155+00:00
,,,,16804:cmd.exe;18196:ollama app.exe;24840:llama-server.exe;5732:ollama.exe,medium,qwen3:8b,2.3228335948118817,6894272512,2026-09-11T19:26:05.4341914+03:00,5569815510,5569815510,34.6,71.9,24598720512,1789143668.7689764,2026-09-11T16:21:10.884072+00:00
,,,,16804:cmd.exe;18196:ollama app.exe;24840:llama-server.exe;5732:ollama.exe,medium,qwen3:8b,1.7856194098922378,6895079424,2026-09-11T19:26:12.6906744+03:00,5569815510,5569815510,18.7,71.8,24565506048,1789143671.394116,2026-09-11T16:21:13.490086+00:00
,,,,16804:cmd.exe;18196:ollama app.exe;5732:ollama.exe,large,qwen3:14b-q4_K_M,0.0,65912832,,,,0.0,52.5,17960931328,1789143676.0377595,2026-09-11T16:21:18.355025+00:00
,,,,12600:llama-server.exe;16804:cmd.exe;18196:ollama app.exe;5732:ollama.exe,large,qwen3:14b-q4_K_M,0.13830213698917834,156487680,,,,99.9,55.5,18990960640,1789143678.8621917,2026-09-11T16:21:22.494271+00:00
,,,,12600:llama-server.exe;16804:cmd.exe;18196:ollama app.exe;5732:ollama.exe,large,qwen3:14b-q4_K_M,2.073521992571061,1751359488,,,,100.0,62.9,21506367488,1789143683.00671,2026-09-11T16:21:27.466141+00:00
,,,,12600:llama-server.exe;16804:cmd.exe;18196:ollama app.exe;5732:ollama.exe,large,qwen3:14b-q4_K_M,2.9874093425254213,3394469888,,,,99.9,66.1,22598815744,1789143687.97548,2026-09-11T16:21:31.535711+00:00
,,,,12600:llama-server.exe;16804:cmd.exe;18196:ollama app.exe;5732:ollama.exe,large,qwen3:14b-q4_K_M,1.9191262353189156,4274888704,,,,100.0,69.8,23889141760,1789143692.046343,2026-09-11T16:21:34.841550+00:00
,,,,12600:llama-server.exe;16804:cmd.exe;18196:ollama app.exe;5732:ollama.exe,large,qwen3:14b-q4_K_M,2.6751164957345424,5285834752,,,,99.9,73.8,25241866240,1789143695.3561678,2026-09-11T16:21:39.327006+00:00
,,,,12600:llama-server.exe;16804:cmd.exe;18196:ollama app.exe;5732:ollama.exe,large,qwen3:14b-q4_K_M,1.7713603398151088,6409371648,,,,98.7,77.2,26392236032,1789143699.8401275,2026-09-11T16:21:42.560333+00:00
,,,,12600:llama-server.exe;16804:cmd.exe;18196:ollama app.exe;5732:ollama.exe,large,qwen3:14b-q4_K_M,6.308437561725393,7592509440,,,,100.0,79.5,27207610368,1789143703.0806618,2026-09-11T16:21:45.866318+00:00
,,,,12600:llama-server.exe;16804:cmd.exe;18196:ollama app.exe;5732:ollama.exe,large,qwen3:14b-q4_K_M,8.137561098844065,8657948672,,,,100.0,83.7,28638167040,1789143706.376848,2026-09-11T16:21:50.046384+00:00
,,,,12600:llama-server.exe;16804:cmd.exe;18196:ollama app.exe;5732:ollama.exe,large,qwen3:14b-q4_K_M,10.398602031128979,9894907904,,,,100.0,87.1,29792006144,1789143710.5591009,2026-09-11T16:21:53.133250+00:00
,,,,12600:llama-server.exe;16804:cmd.exe;18196:ollama app.exe;5732:ollama.exe,large,qwen3:14b-q4_K_M,9.254183808242347,9905242112,2026-09-11T19:26:56.7638117+03:00,10153550149,6564253531,100.0,89.3,30532128768,1789143713.6404774,2026-09-11T16:21:56.771814+00:00
,,,,12600:llama-server.exe;16804:cmd.exe;18196:ollama app.exe;5732:ollama.exe,large,qwen3:14b-q4_K_M,0.7860136120998575,9929207808,2026-09-11T19:27:00.288086+03:00,10153550149,6564253531,100.0,87.4,29905321984,1789143717.2849224,2026-09-11T16:22:00.296000+00:00
,,,,12600:llama-server.exe;16804:cmd.exe;18196:ollama app.exe;5732:ollama.exe,large,qwen3:14b-q4_K_M,18.538598371654317,9931628544,2026-09-11T19:27:03.9625866+03:00,10153550149,6564253531,100.0,82.8,28328927232,1789143720.8107867,2026-09-11T16:22:03.968582+00:00
,,,,12600:llama-server.exe;16804:cmd.exe;18196:ollama app.exe;5732:ollama.exe,large,qwen3:14b-q4_K_M,38.67631694761126,9931681792,2026-09-11T19:27:08.5050913+03:00,10153550149,6564253531,100.0,85.3,29173137408,1789143724.480399,2026-09-11T16:22:08.512093+00:00
,,,,12600:llama-server.exe;16804:cmd.exe;18196:ollama app.exe;5732:ollama.exe,large,qwen3:14b-q4_K_M,26.633952717805474,9934864384,2026-09-11T19:27:13.1193522+03:00,10153550149,6564253531,100.0,85.9,29391712256,1789143729.0172145,2026-09-11T16:22:13.125674+00:00
,,,,12600:llama-server.exe;16804:cmd.exe;18196:ollama app.exe;5732:ollama.exe,large,qwen3:14b-q4_K_M,27.56995125272841,9934843904,2026-09-11T19:27:16.9301856+03:00,10153550149,6564253531,100.0,84.9,29058121728,1789143733.64087,2026-09-11T16:22:16.938125+00:00
,,,,12600:llama-server.exe;16804:cmd.exe;18196:ollama app.exe;5732:ollama.exe,large,qwen3:14b-q4_K_M,32.729102536678674,9934876672,2026-09-11T19:27:20.9483993+03:00,10153550149,6564253531,100.0,85.2,29155065856,1789143737.4561226,2026-09-11T16:22:20.956402+00:00
,,,,12600:llama-server.exe;16804:cmd.exe;18196:ollama app.exe;5732:ollama.exe,large,qwen3:14b-q4_K_M,30.462826849960248,9934917632,2026-09-11T19:27:26.657495+03:00,10153550149,6564253531,100.0,87.1,29797335040,1789143741.4611747,2026-09-11T16:22:26.668884+00:00
,,,,12600:llama-server.exe;16804:cmd.exe;18196:ollama app.exe;5732:ollama.exe,large,qwen3:14b-q4_K_M,30.935449437549114,9934954496,2026-09-11T19:27:30.8218701+03:00,10153550149,6564253531,100.0,87.6,29976702976,1789143747.189669,2026-09-11T16:22:30.829869+00:00
,,,,12600:llama-server.exe;16804:cmd.exe;18196:ollama app.exe;5732:ollama.exe,large,qwen3:14b-q4_K_M,24.396816543403485,10026795008,2026-09-11T19:27:33.4041423+03:00,10153550149,6564253531,100.0,87.1,29798023168,1789143751.3312612,2026-09-11T16:22:34.884725+00:00
,,,,12600:llama-server.exe;16804:cmd.exe;18196:ollama app.exe;5732:ollama.exe,large,qwen3:14b-q4_K_M,2.1142289423799174,10026889216,2026-09-11T19:27:33.4041423+03:00,10153550149,6564253531,100.0,89.4,30568775680,1789143755.3959818,2026-09-11T16:22:38.083307+00:00
,,,,12600:llama-server.exe;16804:cmd.exe;18196:ollama app.exe;5732:ollama.exe,large,qwen3:14b-q4_K_M,38.63228581784325,10028716032,2026-09-11T19:27:33.4041423+03:00,10153550149,6564253531,100.0,88.0,30094745600,1789143758.6248765,2026-09-11T16:22:43.018452+00:00
,,,,12600:llama-server.exe;16804:cmd.exe;18196:ollama app.exe;5732:ollama.exe,large,qwen3:14b-q4_K_M,32.38789555339249,10029309952,2026-09-11T19:27:33.4041423+03:00,10153550149,6564253531,100.0,88.6,30316453888,1789143763.614041,2026-09-11T16:22:51.453542+00:00
,,,,12600:llama-server.exe;16804:cmd.exe;18196:ollama app.exe;5732:ollama.exe,large,qwen3:14b-q4_K_M,33.344170429251186,10029350912,2026-09-11T19:27:33.4041423+03:00,10153550149,6564253531,100.0,88.6,30301708288,1789143771.9667943,2026-09-11T16:22:56.439833+00:00
,,,,12600:llama-server.exe;16804:cmd.exe;18196:ollama app.exe;5732:ollama.exe,large,qwen3:14b-q4_K_M,26.27928281638529,10029387776,2026-09-11T19:27:33.4041423+03:00,10153550149,6564253531,93.0,80.6,27561484288,1789143776.9414036,2026-09-11T16:22:59.110952+00:00
,,,,12600:llama-server.exe;16804:cmd.exe;18196:ollama app.exe;5732:ollama.exe,large,qwen3:14b-q4_K_M,42.83288240174761,10029395968,2026-09-11T19:27:33.4041423+03:00,10153550149,6564253531,97.0,81.0,27719364608,1789143779.6134892,2026-09-11T16:23:02.044429+00:00
,,,,12600:llama-server.exe;16804:cmd.exe;18196:ollama app.exe;5732:ollama.exe,large,qwen3:14b-q4_K_M,37.68236080364048,10029412352,2026-09-11T19:27:33.4041423+03:00,10153550149,6564253531,98.2,81.4,27839533056,1789143782.5540504,2026-09-11T16:23:05.046990+00:00
,,,,12600:llama-server.exe;16804:cmd.exe;18196:ollama app.exe;5732:ollama.exe,large,qwen3:14b-q4_K_M,8.779842627704756,10114215936,2026-09-11T19:28:05.134171+03:00,10153550149,6564253531,49.7,80.9,27670319104,1789143785.5497856,2026-09-11T16:23:07.672709+00:00
,,,,12600:llama-server.exe;16804:cmd.exe;18196:ollama app.exe;5732:ollama.exe,large,qwen3:14b-q4_K_M,1.0865248765689437,10114215936,2026-09-11T19:28:05.134171+03:00,10153550149,6564253531,33.1,81.4,27856236544,1789143788.1862493,2026-09-11T16:23:10.293691+00:00
,,,,12600:llama-server.exe;16804:cmd.exe;18196:ollama app.exe;5732:ollama.exe,large,qwen3:14b-q4_K_M,42.64835287976727,10116071424,2026-09-11T19:28:05.134171+03:00,10153550149,6564253531,83.2,81.9,28018671616,1789143790.7996757,2026-09-11T16:23:13.093891+00:00
,,,,12600:llama-server.exe;16804:cmd.exe;18196:ollama app.exe;5732:ollama.exe,large,qwen3:14b-q4_K_M,38.269086965072944,10116124672,2026-09-11T19:28:05.134171+03:00,10153550149,6564253531,99.1,82.9,28374102016,1789143793.6168973,2026-09-11T16:23:15.976862+00:00
,,,,12600:llama-server.exe;16804:cmd.exe;18196:ollama app.exe;5732:ollama.exe,large,qwen3:14b-q4_K_M,40.93193774568052,10119016448,2026-09-11T19:28:05.134171+03:00,10153550149,6564253531,90.4,82.3,28156452864,1789143796.4798818,2026-09-11T16:23:18.721479+00:00
,,,,12600:llama-server.exe;16804:cmd.exe;18196:ollama app.exe;5732:ollama.exe,large,qwen3:14b-q4_K_M,43.132739467803006,10118983680,2026-09-11T19:28:05.134171+03:00,10153550149,6564253531,89.8,81.9,28020858880,1789143799.2269733,2026-09-11T16:23:21.470703+00:00
,,,,12600:llama-server.exe;16804:cmd.exe;18196:ollama app.exe;5732:ollama.exe,large,qwen3:14b-q4_K_M,39.59861970128857,10118983680,2026-09-11T19:28:05.134171+03:00,10153550149,6564253531,98.3,82.2,28121808896,1789143801.9923527,2026-09-11T16:23:24.357182+00:00
,,,,12600:llama-server.exe;16804:cmd.exe;18196:ollama app.exe;5732:ollama.exe,large,qwen3:14b-q4_K_M,36.99591485920414,10119000064,2026-09-11T19:28:05.134171+03:00,10153550149,6564253531,99.5,82.6,28253048832,1789143804.8713305,2026-09-11T16:23:27.438866+00:00
,,,,12600:llama-server.exe;16804:cmd.exe;18196:ollama app.exe;5732:ollama.exe,large,qwen3:14b-q4_K_M,33.03748788712841,10119008256,2026-09-11T19:28:05.134171+03:00,10153550149,6564253531,97.1,82.2,28102701056,1789143807.9533722,2026-09-11T16:23:30.201771+00:00
,,,,12600:llama-server.exe;16804:cmd.exe;18196:ollama app.exe;5732:ollama.exe,large,qwen3:14b-q4_K_M,40.71012503949595,10118979584,2026-09-11T19:28:05.134171+03:00,10153550149,6564253531,94.7,82.5,28227780608,1789143810.7040188,2026-09-11T16:23:32.920391+00:00
,,,,12600:llama-server.exe;16804:cmd.exe;18196:ollama app.exe;5732:ollama.exe,large,qwen3:14b-q4_K_M,41.621345235558,10118979584,2026-09-11T19:28:05.134171+03:00,10153550149,6564253531,95.3,83.0,28379131904,1789143813.4257293,2026-09-11T16:23:35.766722+00:00
,,,,12600:llama-server.exe;16804:cmd.exe;18196:ollama app.exe;5732:ollama.exe,large,qwen3:14b-q4_K_M,28.862745412852412,10204520448,2026-09-11T19:28:37.2985416+03:00,10153550149,6564253531,70.1,82.4,28185190400,1789143816.2768672,2026-09-11T16:23:38.422607+00:00
,,,,12600:llama-server.exe;16804:cmd.exe;18196:ollama app.exe;5732:ollama.exe,large,qwen3:14b-q4_K_M,3.3952612556912873,10204532736,2026-09-11T19:28:37.2985416+03:00,10153550149,6564253531,35.3,82.4,28202389504,1789143818.9230185,2026-09-11T16:23:41.021296+00:00
,,,,12600:llama-server.exe;16804:cmd.exe;18196:ollama app.exe;5732:ollama.exe,large,qwen3:14b-q4_K_M,19.244879465561482,10206400512,2026-09-11T19:28:37.2985416+03:00,10153550149,6564253531,54.2,82.4,28196614144,1789143821.534644,2026-09-11T16:23:43.655770+00:00
,,,,12600:llama-server.exe;16804:cmd.exe;18196:ollama app.exe;5732:ollama.exe,large,qwen3:14b-q4_K_M,43.549572012239416,10206486528,2026-09-11T19:28:37.2985416+03:00,10153550149,6564253531,89.5,82.9,28369215488,1789143824.1567755,2026-09-11T16:23:46.429096+00:00
,,,,12600:llama-server.exe;16804:cmd.exe;18196:ollama app.exe;5732:ollama.exe,large,qwen3:14b-q4_K_M,43.30544462726739,10209394688,2026-09-11T19:28:37.2985416+03:00,10153550149,6564253531,86.7,82.1,28089393152,1789143826.9410193,2026-09-11T16:23:49.202685+00:00
,,,,12600:llama-server.exe;16804:cmd.exe;18196:ollama app.exe;5732:ollama.exe,large,qwen3:14b-q4_K_M,44.32342316546755,10209394688,2026-09-11T19:28:37.2985416+03:00,10153550149,6564253531,85.1,81.3,27804573696,1789143829.7171333,2026-09-11T16:23:51.964048+00:00
,,,,12600:llama-server.exe;16804:cmd.exe;18196:ollama app.exe;5732:ollama.exe,large,qwen3:14b-q4_K_M,45.00173812503618,10209460224,2026-09-11T19:28:37.2985416+03:00,10153550149,6564253531,82.8,81.3,27810758656,1789143832.468763,2026-09-11T16:23:54.694234+00:00
,,,,12600:llama-server.exe;16804:cmd.exe;18196:ollama app.exe;5732:ollama.exe,large,qwen3:14b-q4_K_M,44.25568041853351,10209480704,2026-09-11T19:28:37.2985416+03:00,10153550149,6564253531,88.4,81.5,27870408704,1789143835.1961672,2026-09-11T16:23:57.346036+00:00
,,,,12600:llama-server.exe;16804:cmd.exe;18196:ollama app.exe;5732:ollama.exe,large,qwen3:14b-q4_K_M,44.272167150935296,10209484800,2026-09-11T19:28:37.2985416+03:00,10153550149,6564253531,89.3,81.8,27968282624,1789143837.8578517,2026-09-11T16:24:00.062408+00:00
,,,,12600:llama-server.exe;16804:cmd.exe;18196:ollama app.exe;5732:ollama.exe,large,qwen3:14b-q4_K_M,45.82113298631363,10209484800,2026-09-11T19:28:37.2985416+03:00,10153550149,6564253531,81.4,81.3,27821228032,1789143840.565959,2026-09-11T16:24:02.727478+00:00
,,,,12600:llama-server.exe;16804:cmd.exe;18196:ollama app.exe;5732:ollama.exe,large,qwen3:14b-q4_K_M,45.40375981033243,10209484800,2026-09-11T19:28:37.2985416+03:00,10153550149,6564253531,81.9,81.5,27888254976,1789143843.2301335,2026-09-11T16:24:05.414843+00:00
,,,,12600:llama-server.exe;16804:cmd.exe;18196:ollama app.exe;5732:ollama.exe,large,qwen3:14b-q4_K_M,15.877312833867137,10295472128,2026-09-11T19:29:05.8025196+03:00,10153550149,6564253531,44.9,81.9,28032061440,1789143845.9200304,2026-09-11T16:24:08.036557+00:00
,,,,12600:llama-server.exe;16804:cmd.exe;18196:ollama app.exe;5732:ollama.exe,large,qwen3:14b-q4_K_M,0.2486060444833053,10295472128,2026-09-11T19:29:05.8025196+03:00,10153550149,6564253531,26.7,81.3,27808428032,1789143848.5387988,2026-09-11T16:24:10.639923+00:00
,,,,12600:llama-server.exe;16804:cmd.exe;18196:ollama app.exe;5732:ollama.exe,large,qwen3:14b-q4_K_M,40.42866255892465,10297315328,2026-09-11T19:29:05.8025196+03:00,10153550149,6564253531,76.5,81.5,27882278912,1789143851.1475606,2026-09-11T16:24:13.372312+00:00
,,,,12600:llama-server.exe;16804:cmd.exe;18196:ollama app.exe;5732:ollama.exe,large,qwen3:14b-q4_K_M,43.07180338078705,10299432960,2026-09-11T19:29:05.8025196+03:00,10153550149,6564253531,87.6,81.8,27972030464,1789143853.8834233,2026-09-11T16:24:16.093329+00:00
,,,,12600:llama-server.exe;16804:cmd.exe;18196:ollama app.exe;5732:ollama.exe,large,qwen3:14b-q4_K_M,43.63786772394274,10299441152,2026-09-11T19:29:05.8025196+03:00,10153550149,6564253531,89.8,81.6,27914121216,1789143856.598716,2026-09-11T16:24:18.859549+00:00
,,,,12600:llama-server.exe;16804:cmd.exe;18196:ollama app.exe;5732:ollama.exe,large,qwen3:14b-q4_K_M,45.716152518707865,10299486208,2026-09-11T19:29:05.8025196+03:00,10153550149,6564253531,81.8,81.8,27969597440,1789143859.3700058,2026-09-11T16:24:21.533309+00:00
,,,,12600:llama-server.exe;16804:cmd.exe;18196:ollama app.exe;5732:ollama.exe,large,qwen3:14b-q4_K_M,44.47182426730271,10299498496,2026-09-11T19:29:05.8025196+03:00,10153550149,6564253531,82.2,81.8,27970076672,1789143862.037308,2026-09-11T16:24:24.196587+00:00
,,,,12600:llama-server.exe;16804:cmd.exe;18196:ollama app.exe;5732:ollama.exe,large,qwen3:14b-q4_K_M,48.13883553610594,10299523072,2026-09-11T19:29:05.8025196+03:00,10153550149,6564253531,85.0,81.7,27954724864,1789143864.706995,2026-09-11T16:24:27.064138+00:00
,,,,12600:llama-server.exe;16804:cmd.exe;18196:ollama app.exe;5732:ollama.exe,large,qwen3:14b-q4_K_M,40.41724538507886,10385190912,2026-09-11T19:29:29.3564169+03:00,10153550149,6564253531,68.6,81.4,27855663104,1789143867.5774436,2026-09-11T16:24:29.716675+00:00
,,,,12600:llama-server.exe;16804:cmd.exe;18196:ollama app.exe;5732:ollama.exe,large,qwen3:14b-q4_K_M,5.850521845893992,10385190912,2026-09-11T19:29:29.3564169+03:00,10153550149,6564253531,30.3,81.8,27989368832,1789143870.2258897,2026-09-11T16:24:32.331182+00:00
,,,,12600:llama-server.exe;16804:cmd.exe;18196:ollama app.exe;5732:ollama.exe,large,qwen3:14b-q4_K_M,7.4849191488024225,10387017728,2026-09-11T19:29:29.3564169+03:00,10153550149,6564253531,43.1,81.8,27978207232,1789143872.8353033,2026-09-11T16:24:34.962098+00:00
,,,,12600:llama-server.exe;16804:cmd.exe;18196:ollama app.exe;5732:ollama.exe,large,qwen3:14b-q4_K_M,46.71405559249269,10387025920,2026-09-11T19:29:29.3564169+03:00,10153550149,6564253531,78.6,81.9,28030906368,1789143875.474922,2026-09-11T16:24:37.631793+00:00
,,,,12600:llama-server.exe;16804:cmd.exe;18196:ollama app.exe;5732:ollama.exe,large,qwen3:14b-q4_K_M,44.88920450653665,10387066880,2026-09-11T19:29:29.3564169+03:00,10153550149,6564253531,85.6,82.1,28072333312,1789143878.1319268,2026-09-11T16:24:40.301638+00:00
,,,,12600:llama-server.exe;16804:cmd.exe;18196:ollama app.exe;5732:ollama.exe,large,qwen3:14b-q4_K_M,46.12604829243421,10387066880,2026-09-11T19:29:29.3564169+03:00,10153550149,6564253531,77.4,82.0,28054708224,1789143880.8164864,2026-09-11T16:24:42.946870+00:00
,,,,12600:llama-server.exe;16804:cmd.exe;18196:ollama app.exe;5732:ollama.exe,large,qwen3:14b-q4_K_M,44.48674611383582,10387075072,2026-09-11T19:29:29.3564169+03:00,10153550149,6564253531,86.4,82.3,28158709760,1789143883.450698,2026-09-11T16:24:45.687739+00:00
,,,,12600:llama-server.exe;16804:cmd.exe;18196:ollama app.exe;5732:ollama.exe,large,qwen3:14b-q4_K_M,40.7051537884716,10387083264,2026-09-11T19:29:29.3564169+03:00,10153550149,6564253531,98.3,82.0,28052172800,1789143886.2016804,2026-09-11T16:24:48.749792+00:00
,,,,12600:llama-server.exe;16804:cmd.exe;18196:ollama app.exe;5732:ollama.exe,large,qwen3:14b-q4_K_M,37.01254588728872,10387083264,2026-09-11T19:29:29.3564169+03:00,10153550149,6564253531,97.1,82.6,28272607232,1789143889.2552621,2026-09-11T16:24:51.434244+00:00
,,,,12600:llama-server.exe;16804:cmd.exe;18196:ollama app.exe;5732:ollama.exe,large,qwen3:14b-q4_K_M,43.83239269604147,10387083264,2026-09-11T19:29:29.3564169+03:00,10153550149,6564253531,97.2,82.8,28327071744,1789143891.940681,2026-09-11T16:24:54.296285+00:00
,,,,12600:llama-server.exe;16804:cmd.exe;18196:ollama app.exe;5732:ollama.exe,large,qwen3:14b-q4_K_M,41.919711935471376,10387083264,2026-09-11T19:29:29.3564169+03:00,10153550149,6564253531,93.0,83.7,28630548480,1789143894.7983263,2026-09-11T16:24:57.099561+00:00
,,,,12600:llama-server.exe;16804:cmd.exe;18196:ollama app.exe;5732:ollama.exe,large,qwen3:14b-q4_K_M,44.019101934475565,10476564480,2026-09-11T19:29:59.7045189+03:00,10153550149,6564253531,87.6,82.9,28345552896,1789143897.6113806,2026-09-11T16:24:59.815365+00:00
,,,,12600:llama-server.exe;16804:cmd.exe;18196:ollama app.exe;5732:ollama.exe,large,qwen3:14b-q4_K_M,6.776690377444286,10476568576,2026-09-11T19:29:59.7045189+03:00,10153550149,6564253531,47.5,83.5,28565647360,1789143900.3205755,2026-09-11T16:25:02.462997+00:00
,,,,12600:llama-server.exe;16804:cmd.exe;18196:ollama app.exe;5732:ollama.exe,large,qwen3:14b-q4_K_M,2.5555686838329943,10478399488,2026-09-11T19:29:59.7045189+03:00,10153550149,6564253531,23.0,82.2,28133736448,1789143902.9700184,2026-09-11T16:25:05.081596+00:00
,,,,12600:llama-server.exe;16804:cmd.exe;18196:ollama app.exe;5732:ollama.exe,large,qwen3:14b-q4_K_M,46.90208744710089,10478399488,2026-09-11T19:29:59.7045189+03:00,10153550149,6564253531,74.1,81.9,28001832960,1789143905.5851738,2026-09-11T16:25:07.698615+00:00
,,,,12600:llama-server.exe;16804:cmd.exe;18196:ollama app.exe;5732:ollama.exe,large,qwen3:14b-q4_K_M,42.21509705040561,10479353856,2026-09-11T19:29:59.7045189+03:00,10153550149,6564253531,92.6,82.3,28160102400,1789143908.2069156,2026-09-11T16:25:10.435092+00:00
,,,,12600:llama-server.exe;16804:cmd.exe;18196:ollama app.exe;5732:ollama.exe,large,qwen3:14b-q4_K_M,41.73813025158765,10479366144,2026-09-11T19:29:59.7045189+03:00,10153550149,6564253531,90.5,83.0,28377735168,1789143910.9397285,2026-09-11T16:25:13.144412+00:00
,,,,12600:llama-server.exe;16804:cmd.exe;18196:ollama app.exe;5732:ollama.exe,large,qwen3:14b-q4_K_M,40.30470584384523,10479394816,2026-09-11T19:29:59.7045189+03:00,10153550149,6564253531,96.7,83.2,28469362688,1789143913.6469703,2026-09-11T16:25:15.891771+00:00
,,,,12600:llama-server.exe;16804:cmd.exe;18196:ollama app.exe;5732:ollama.exe,large,qwen3:14b-q4_K_M,45.1692594349062,10479415296,2026-09-11T19:29:59.7045189+03:00,10153550149,6564253531,86.4,82.7,28278145024,1789143916.3999257,2026-09-11T16:25:18.656540+00:00
,,,,12600:llama-server.exe;16804:cmd.exe;18196:ollama app.exe;5732:ollama.exe,large,qwen3:14b-q4_K_M,40.66975484685464,10479443968,2026-09-11T19:29:59.7045189+03:00,10153550149,6564253531,89.0,82.8,28327870464,1789143919.1725123,2026-09-11T16:25:21.402879+00:00
,,,,12600:llama-server.exe;16804:cmd.exe;18196:ollama app.exe;5732:ollama.exe,large,qwen3:14b-q4_K_M,43.11271643411963,10479480832,2026-09-11T19:29:59.7045189+03:00,10153550149,6564253531,89.5,82.9,28352811008,1789143921.908799,2026-09-11T16:25:24.199847+00:00
,,,,12600:llama-server.exe;16804:cmd.exe;18196:ollama app.exe;5732:ollama.exe,large,qwen3:14b-q4_K_M,42.42196402480671,10479501312,2026-09-11T19:29:59.7045189+03:00,10153550149,6564253531,90.7,82.8,28313243648,1789143924.704987,2026-09-11T16:25:26.900077+00:00
,,,,12600:llama-server.exe;16804:cmd.exe;18196:ollama app.exe;5732:ollama.exe,large,qwen3:14b-q4_K_M,44.40011906262904,10479521792,2026-09-11T19:29:59.7045189+03:00,10153550149,6564253531,90.6,83.1,28430237696,1789143927.4147208,2026-09-11T16:25:29.724520+00:00
,,,,12600:llama-server.exe;16804:cmd.exe;18196:ollama app.exe;5732:ollama.exe,large,qwen3:14b-q4_K_M,28.679739250765643,10481455104,2026-09-11T19:30:31.6133019+03:00,10153550149,6564253531,87.7,82.8,28335013888,1789143930.2295709,2026-09-11T16:25:32.611936+00:00
,,,,12600:llama-server.exe;16804:cmd.exe;18196:ollama app.exe;5732:ollama.exe,large,qwen3:14b-q4_K_M,3.9257101394624523,10481463296,2026-09-11T19:30:31.6133019+03:00,10153550149,6564253531,69.6,83.2,28459999232,1789143933.1151953,2026-09-11T16:25:35.368376+00:00
,,,,12600:llama-server.exe;16804:cmd.exe;18196:ollama app.exe;5732:ollama.exe,large,qwen3:14b-q4_K_M,19.217499411583162,10483286016,2026-09-11T19:30:31.6133019+03:00,10153550149,6564253531,99.4,85.0,29079719936,1789143935.8728273,2026-09-11T16:25:38.739505+00:00
,,,,12600:llama-server.exe;16804:cmd.exe;18196:ollama app.exe;5732:ollama.exe,large,qwen3:14b-q4_K_M,42.683873241584514,10483286016,2026-09-11T19:30:31.6133019+03:00,10153550149,6564253531,100.0,86.6,29616431104,1789143939.2497613,2026-09-11T16:25:43.461254+00:00
,,,,12600:llama-server.exe;16804:cmd.exe;18196:ollama app.exe;5732:ollama.exe,large,qwen3:14b-q4_K_M,23.136891932348476,10486218752,2026-09-11T19:30:31.6133019+03:00,10153550149,6564253531,100.0,83.2,28473405440,1789143943.97706,2026-09-11T16:25:46.529183+00:00
,,,,12600:llama-server.exe;16804:cmd.exe;18196:ollama app.exe;5732:ollama.exe,large,qwen3:14b-q4_K_M,34.16806449092688,10486226944,2026-09-11T19:30:31.6133019+03:00,10153550149,6564253531,98.7,82.8,28316921856,1789143947.0409591,2026-09-11T16:25:49.415745+00:00
,,,,12600:llama-server.exe;16804:cmd.exe;18196:ollama app.exe;5732:ollama.exe,large,qwen3:14b-q4_K_M,40.373507069038546,10486235136,2026-09-11T19:30:31.6133019+03:00,10153550149,6564253531,91.0,82.8,28315353088,1789143949.9241927,2026-09-11T16:25:52.092829+00:00
,,,,12600:llama-server.exe;16804:cmd.exe;18196:ollama app.exe;5732:ollama.exe,large,qwen3:14b-q4_K_M,40.92811787112628,10477142016,2026-09-11T19:30:31.6133019+03:00,10153550149,6564253531,96.3,82.7,28306972672,1789143952.6029236,2026-09-11T16:25:55.046913+00:00
,,,,12600:llama-server.exe;16804:cmd.exe;18196:ollama app.exe;5732:ollama.exe,large,qwen3:14b-q4_K_M,39.60146043391293,10477162496,2026-09-11T19:30:31.6133019+03:00,10153550149,6564253531,85.9,82.2,28123623424,1789143955.5555189,2026-09-11T16:25:57.719702+00:00
,,,,12600:llama-server.exe;16804:cmd.exe;18196:ollama app.exe;5732:ollama.exe,large,qwen3:14b-q4_K_M,44.97809386802488,10477162496,2026-09-11T19:30:31.6133019+03:00,10153550149,6564253531,82.9,82.3,28154863616,1789143958.2246423,2026-09-11T16:26:00.413714+00:00
,,,,12600:llama-server.exe;16804:cmd.exe;18196:ollama app.exe;5732:ollama.exe,large,qwen3:14b-q4_K_M,45.56181050293269,10477162496,2026-09-11T19:30:31.6133019+03:00,10153550149,6564253531,80.5,82.5,28218380288,1789143960.9195848,2026-09-11T16:26:03.132710+00:00
,,,,12600:llama-server.exe;16804:cmd.exe;18196:ollama app.exe;5732:ollama.exe,large,qwen3:14b-q4_K_M,22.528181609599628,10477395968,2026-09-11T19:31:04.0789195+03:00,10153550149,6564253531,55.9,82.7,28275023872,1789143963.6476493,2026-09-11T16:26:05.796575+00:00
,,,,12600:llama-server.exe;16804:cmd.exe;18196:ollama app.exe;5732:ollama.exe,large,qwen3:14b-q4_K_M,1.8143161421814886,10477400064,2026-09-11T19:31:04.0789195+03:00,10153550149,6564253531,22.0,82.3,28140658688,1789143966.3030345,2026-09-11T16:26:08.406397+00:00
,,,,12600:llama-server.exe;16804:cmd.exe;18196:ollama app.exe;5732:ollama.exe,large,qwen3:14b-q4_K_M,30.10007283059332,10479235072,2026-09-11T19:31:04.0789195+03:00,10153550149,6564253531,47.7,82.5,28212948992,1789143968.9201725,2026-09-11T16:26:11.036100+00:00
,,,,12600:llama-server.exe;16804:cmd.exe;18196:ollama app.exe;5732:ollama.exe,large,qwen3:14b-q4_K_M,45.42969970056692,10479235072,2026-09-11T19:31:04.0789195+03:00,10153550149,6564253531,84.2,82.2,28104658944,1789143971.5455658,2026-09-11T16:26:13.753096+00:00
,,,,12600:llama-server.exe;16804:cmd.exe;18196:ollama app.exe;5732:ollama.exe,large,qwen3:14b-q4_K_M,44.88708135835122,10482155520,2026-09-11T19:31:04.0789195+03:00,10153550149,6564253531,83.4,82.5,28222091264,1789143974.2549107,2026-09-11T16:26:16.428125+00:00
,,,,12600:llama-server.exe;16804:cmd.exe;18196:ollama app.exe;5732:ollama.exe,large,qwen3:14b-q4_K_M,45.96678217383505,10482200576,2026-09-11T19:31:04.0789195+03:00,10153550149,6564253531,80.8,82.5,28233117696,1789143976.9317758,2026-09-11T16:26:19.072120+00:00
,,,,12600:llama-server.exe;16804:cmd.exe;18196:ollama app.exe;5732:ollama.exe,large,qwen3:14b-q4_K_M,46.38863772425677,10482212864,2026-09-11T19:31:04.0789195+03:00,10153550149,6564253531,77.0,82.7,28302684160,1789143979.57307,2026-09-11T16:26:21.718803+00:00
,,,,12600:llama-server.exe;16804:cmd.exe;18196:ollama app.exe;5732:ollama.exe,large,qwen3:14b-q4_K_M,43.66568281517485,10482216960,2026-09-11T19:31:04.0789195+03:00,10153550149,6564253531,85.0,82.9,28356440064,1789143982.2210305,2026-09-11T16:26:24.372398+00:00
,,,,12600:llama-server.exe;16804:cmd.exe;18196:ollama app.exe;5732:ollama.exe,large,qwen3:14b-q4_K_M,45.95142988745792,10482216960,2026-09-11T19:31:04.0789195+03:00,10153550149,6564253531,81.0,82.8,28320985088,1789143984.8732874,2026-09-11T16:26:27.047854+00:00
,,,,12600:llama-server.exe;16804:cmd.exe;18196:ollama app.exe;5732:ollama.exe,large,qwen3:14b-q4_K_M,45.155941022306806,10482216960,2026-09-11T19:31:04.0789195+03:00,10153550149,6564253531,83.5,82.9,28370280448,1789143987.5549667,2026-09-11T16:26:29.713192+00:00
,,,,12600:llama-server.exe;16804:cmd.exe;18196:ollama app.exe;5732:ollama.exe,large,qwen3:14b-q4_K_M,42.04124804219725,10482216960,2026-09-11T19:31:04.0789195+03:00,10153550149,6564253531,95.2,82.6,28263632896,1789143990.2154243,2026-09-11T16:26:32.562724+00:00
,,,,12600:llama-server.exe;16804:cmd.exe;18196:ollama app.exe;5732:ollama.exe,large,qwen3:14b-q4_K_M,32.250965099928074,10482839552,2026-09-11T19:31:34.8977882+03:00,10153550149,6564253531,99.7,83.1,28422467584,1789143993.073866,2026-09-11T16:26:35.658191+00:00
,,,,12600:llama-server.exe;16804:cmd.exe;18196:ollama app.exe;5732:ollama.exe,large,qwen3:14b-q4_K_M,4.420348093162166,10482851840,2026-09-11T19:31:34.8977882+03:00,10153550149,6564253531,98.8,84.9,29050904576,1789143996.1668067,2026-09-11T16:26:39.553853+00:00
,,,,12600:llama-server.exe;16804:cmd.exe;18196:ollama app.exe;5732:ollama.exe,large,qwen3:14b-q4_K_M,22.997048204043164,10484682752,2026-09-11T19:31:34.8977882+03:00,10153550149,6564253531,98.2,88.6,30306811904,1789144000.0678961,2026-09-11T16:26:42.726139+00:00
,,,,12600:llama-server.exe;16804:cmd.exe;18196:ollama app.exe;5732:ollama.exe,large,qwen3:14b-q4_K_M,41.126272944593325,10484682752,2026-09-11T19:31:34.8977882+03:00,10153550149,6564253531,85.3,82.8,28339478528,1789144003.227626,2026-09-11T16:26:45.407802+00:00
,,,,12600:llama-server.exe;16804:cmd.exe;18196:ollama app.exe;5732:ollama.exe,large,qwen3:14b-q4_K_M,47.06955725017197,10487578624,2026-09-11T19:31:34.8977882+03:00,10153550149,6564253531,78.5,82.9,28369223680,1789144005.9219985,2026-09-11T16:26:48.082888+00:00
,,,,12600:llama-server.exe;16804:cmd.exe;18196:ollama app.exe;5732:ollama.exe,large,qwen3:14b-q4_K_M,46.453977877124494,10487586816,2026-09-11T19:31:34.8977882+03:00,10153550149,6564253531,72.2,82.9,28346060800,1789144008.5876071,2026-09-11T16:26:50.779424+00:00
,,,,12600:llama-server.exe;16804:cmd.exe;18196:ollama app.exe;5732:ollama.exe,large,qwen3:14b-q4_K_M,44.117360530409776,10487574528,2026-09-11T19:31:34.8977882+03:00,10153550149,6564253531,86.7,82.2,28103479296,1789144011.291097,2026-09-11T16:26:53.489988+00:00
,,,,12600:llama-server.exe;16804:cmd.exe;18196:ollama app.exe;5732:ollama.exe,large,qwen3:14b-q4_K_M,44.37157635817099,10487574528,2026-09-11T19:31:34.8977882+03:00,10153550149,6564253531,93.4,82.0,28043059200,1789144014.0025737,2026-09-11T16:26:56.337838+00:00
,,,,12600:llama-server.exe;16804:cmd.exe;18196:ollama app.exe;5732:ollama.exe,large,qwen3:14b-q4_K_M,42.35042424092887,10487574528,2026-09-11T19:31:34.8977882+03:00,10153550149,6564253531,100.0,83.2,28453228544,1789144016.8434544,2026-09-11T16:27:00.220118+00:00
,,,,12600:llama-server.exe;16804:cmd.exe;18196:ollama app.exe;5732:ollama.exe,large,qwen3:14b-q4_K_M,31.74636578237727,10489577472,2026-09-11T19:32:03.7326898+03:00,10153550149,6564253531,100.0,85.6,29281021952,1789144020.7316947,2026-09-11T16:27:04.372561+00:00
,,,,12600:llama-server.exe;16804:cmd.exe;18196:ollama app.exe;5732:ollama.exe,large,qwen3:14b-q4_K_M,4.766779392954022,10489581568,2026-09-11T19:32:03.7326898+03:00,10153550149,6564253531,100.0,87.8,30024441856,1789144024.8836944,2026-09-11T16:27:09.735858+00:00
,,,,12600:llama-server.exe;16804:cmd.exe;18196:ollama app.exe;5732:ollama.exe,large,qwen3:14b-q4_K_M,38.40565586138115,10491428864,2026-09-11T19:32:03.7326898+03:00,10153550149,6564253531,100.0,87.6,29956005888,1789144030.2438262,2026-09-11T16:27:19.561743+00:00
,,,,12600:llama-server.exe;16804:cmd.exe;18196:ollama app.exe;5732:ollama.exe,large,qwen3:14b-q4_K_M,23.58174224872267,10494300160,2026-09-11T19:32:03.7326898+03:00,10153550149,6564253531,100.0,89.9,30767960064,1789144040.0667062,2026-09-11T16:27:23.274319+00:00
,,,,12600:llama-server.exe;16804:cmd.exe;18196:ollama app.exe;5732:ollama.exe,large,qwen3:14b-q4_K_M,35.85377222094409,10494304256,2026-09-11T19:32:03.7326898+03:00,10153550149,6564253531,100.0,90.2,30867517440,1789144043.789147,2026-09-11T16:27:34.765839+00:00
,,,,12600:llama-server.exe;16804:cmd.exe;18196:ollama app.exe;5732:ollama.exe,large,qwen3:14b-q4_K_M,25.931188946723037,10491904000,2026-09-11T19:32:36.6155633+03:00,10153550149,6564253531,100.0,92.5,31644004352,1789144055.2678435,2026-09-11T16:27:38.883871+00:00
,,,,12600:llama-server.exe;16804:cmd.exe;18196:ollama app.exe;5732:ollama.exe,large,qwen3:14b-q4_K_M,27.393740302412724,10493755392,2026-09-11T19:32:36.6155633+03:00,10153550149,6564253531,100.0,90.8,31052591104,1789144059.3983872,2026-09-11T16:27:45.903989+00:00
,,,,12600:llama-server.exe;16804:cmd.exe;18196:ollama app.exe;5732:ollama.exe,large,qwen3:14b-q4_K_M,20.388551636003935,10496610304,2026-09-11T19:32:36.6155633+03:00,10153550149,6564253531,100.0,91.7,31352745984,1789144066.4105945,2026-09-11T16:27:55.344106+00:00
,,,,12600:llama-server.exe;16804:cmd.exe;18196:ollama app.exe;5732:ollama.exe,large,qwen3:14b-q4_K_M,33.178459744077806,10496155648,2026-09-11T19:32:36.6155633+03:00,10153550149,6564253531,100.0,91.8,31412084736,1789144075.852903,2026-09-11T16:28:00.335567+00:00
,,,,12600:llama-server.exe;16804:cmd.exe;18196:ollama app.exe;5732:ollama.exe,large,qwen3:14b-q4_K_M,32.151130968641894,10496155648,2026-09-11T19:32:36.6155633+03:00,10153550149,6564253531,100.0,84.4,28877320192,1789144080.8423593,2026-09-11T16:28:04.613493+00:00
,,,,12600:llama-server.exe;16804:cmd.exe;18196:ollama app.exe;5732:ollama.exe,large,qwen3:14b-q4_K_M,27.489672387104182,10496163840,2026-09-11T19:32:36.6155633+03:00,10153550149,6564253531,100.0,85.6,29285789696,1789144085.1195338,2026-09-11T16:28:08.182618+00:00
,,,,12600:llama-server.exe;16804:cmd.exe;18196:ollama app.exe;5732:ollama.exe,large,qwen3:14b-q4_K_M,23.70866488947824,10492248064,2026-09-11T19:33:10.3174941+03:00,10153550149,6564253531,100.0,86.9,29736595456,1789144088.6838512,2026-09-11T16:28:12.635705+00:00
,,,,12600:llama-server.exe;16804:cmd.exe;18196:ollama app.exe;5732:ollama.exe,large,qwen3:14b-q4_K_M,17.630313997636776,10494083072,2026-09-11T19:33:10.3174941+03:00,10153550149,6564253531,100.0,87.1,29780570112,1789144093.1520667,2026-09-11T16:28:18.873841+00:00
,,,,12600:llama-server.exe;16804:cmd.exe;18196:ollama app.exe;5732:ollama.exe,large,qwen3:14b-q4_K_M,38.48910301788069,10497040384,2026-09-11T19:33:10.3174941+03:00,10153550149,6564253531,100.0,87.5,29921677312,1789144099.3835382,2026-09-11T16:28:24.714098+00:00
,,,,12600:llama-server.exe;16804:cmd.exe;18196:ollama app.exe;5732:ollama.exe,large,qwen3:14b-q4_K_M,29.412716392016588,10497081344,2026-09-11T19:33:10.3174941+03:00,10153550149,6564253531,100.0,89.8,30735032320,1789144105.2226722,2026-09-11T16:28:29.526458+00:00
,,,,12600:llama-server.exe;16804:cmd.exe;18196:ollama app.exe;5732:ollama.exe,large,qwen3:14b-q4_K_M,31.884299922522974,10497089536,2026-09-11T19:33:10.3174941+03:00,10153550149,6564253531,100.0,89.4,30591725568,1789144110.0496953,2026-09-11T16:28:33.554111+00:00
,,,,12600:llama-server.exe;16804:cmd.exe;18196:ollama app.exe;5732:ollama.exe,large,qwen3:14b-q4_K_M,34.493236835413384,10497089536,2026-09-11T19:33:10.3174941+03:00,10153550149,6564253531,100.0,89.2,30507315200,1789144114.1303563,2026-09-11T16:28:38.025868+00:00
,,,,12600:llama-server.exe;16804:cmd.exe;18196:ollama app.exe;5732:ollama.exe,large,qwen3:14b-q4_K_M,7.512919754244167,10492461056,2026-09-11T19:33:38.5278923+03:00,10153550149,6564253531,99.7,89.4,30584709120,1789144118.5324953,2026-09-11T16:28:41.166895+00:00
,,,,12600:llama-server.exe;16804:cmd.exe;18196:ollama app.exe;5732:ollama.exe,large,qwen3:14b-q4_K_M,36.20837275483504,10494296064,2026-09-11T19:33:38.5278923+03:00,10153550149,6564253531,100.0,88.8,30362193920,1789144121.6718762,2026-09-11T16:28:46.402674+00:00
,,,,12600:llama-server.exe;16804:cmd.exe;18196:ollama app.exe;5732:ollama.exe,large,qwen3:14b-q4_K_M,35.90706140701309,10497142784,2026-09-11T19:33:38.5278923+03:00,10153550149,6564253531,100.0,88.2,30178058240,1789144126.9118216,2026-09-11T16:28:51.985216+00:00
,,,,12600:llama-server.exe;16804:cmd.exe;18196:ollama app.exe;5732:ollama.exe,large,qwen3:14b-q4_K_M,25.547317406929512,10497142784,2026-09-11T19:33:38.5278923+03:00,10153550149,6564253531,95.4,81.9,28017598464,1789144132.4927647,2026-09-11T16:28:54.843412+00:00
,,,,12600:llama-server.exe;16804:cmd.exe;18196:ollama app.exe;5732:ollama.exe,large,qwen3:14b-q4_K_M,44.67107086380516,10497150976,2026-09-11T19:33:38.5278923+03:00,10153550149,6564253531,75.0,80.2,27420401664,1789144135.3492928,2026-09-11T16:28:57.516617+00:00
,,,,12600:llama-server.exe;16804:cmd.exe;18196:ollama app.exe;5732:ollama.exe,large,qwen3:14b-q4_K_M,43.01679923991595,10497167360,2026-09-11T19:33:38.5278923+03:00,10153550149,6564253531,89.4,80.3,27486011392,1789144138.0190346,2026-09-11T16:29:00.228660+00:00
,,,,12600:llama-server.exe;16804:cmd.exe;18196:ollama app.exe;5732:ollama.exe,large,qwen3:14b-q4_K_M,45.660957066389514,10497212416,2026-09-11T19:33:38.5278923+03:00,10153550149,6564253531,78.5,80.2,27429543936,1789144140.7394934,2026-09-11T16:29:02.920656+00:00
,,,,12600:llama-server.exe;16804:cmd.exe;18196:ollama app.exe;5732:ollama.exe,large,qwen3:14b-q4_K_M,45.30138204145115,10497212416,2026-09-11T19:33:38.5278923+03:00,10153550149,6564253531,85.1,80.3,27457855488,1789144143.42406,2026-09-11T16:29:05.646484+00:00
,,,,12600:llama-server.exe;16804:cmd.exe;18196:ollama app.exe;5732:ollama.exe,large,qwen3:14b-q4_K_M,20.14866487463109,10567012352,2026-09-11T19:34:06.421662+03:00,10153550149,6564253531,38.3,80.0,27350740992,1789144146.1511846,2026-09-11T16:29:08.267792+00:00
,,,,12600:llama-server.exe;16804:cmd.exe;18196:ollama app.exe;5732:ollama.exe,large,qwen3:14b-q4_K_M,26.196884436223904,10568839168,2026-09-11T19:34:06.421662+03:00,10153550149,6564253531,59.1,80.2,27448729600,1789144148.7805128,2026-09-11T16:29:10.970824+00:00
,,,,12600:llama-server.exe;16804:cmd.exe;18196:ollama app.exe;5732:ollama.exe,large,qwen3:14b-q4_K_M,42.90297387063724,10568839168,2026-09-11T19:34:06.421662+03:00,10153550149,6564253531,89.2,80.0,27363655680,1789144151.4725125,2026-09-11T16:29:13.664199+00:00
,,,,12600:llama-server.exe;16804:cmd.exe;18196:ollama app.exe;5732:ollama.exe,large,qwen3:14b-q4_K_M,45.364702452132214,10571759616,2026-09-11T19:34:06.421662+03:00,10153550149,6564253531,82.3,80.2,27421798400,1789144154.1676834,2026-09-11T16:29:16.351499+00:00
,,,,12600:llama-server.exe;16804:cmd.exe;18196:ollama app.exe;5732:ollama.exe,large,qwen3:14b-q4_K_M,43.49872384058847,10571776000,2026-09-11T19:34:06.421662+03:00,10153550149,6564253531,86.9,80.4,27496558592,1789144156.8647213,2026-09-11T16:29:19.149667+00:00
,,,,12600:llama-server.exe;16804:cmd.exe;18196:ollama app.exe;5732:ollama.exe,large,qwen3:14b-q4_K_M,40.82488640335547,10571796480,2026-09-11T19:34:06.421662+03:00,10153550149,6564253531,94.9,80.6,27566243840,1789144159.6586666,2026-09-11T16:29:21.976178+00:00
,,,,12600:llama-server.exe;16804:cmd.exe;18196:ollama app.exe;5732:ollama.exe,large,qwen3:14b-q4_K_M,41.73310343284661,10571833344,2026-09-11T19:34:06.421662+03:00,10153550149,6564253531,87.1,80.3,27453906944,1789144162.4791694,2026-09-11T16:29:24.707413+00:00
,,,,12600:llama-server.exe;16804:cmd.exe;18196:ollama app.exe;5732:ollama.exe,large,qwen3:14b-q4_K_M,44.21537355396771,10571849728,2026-09-11T19:34:06.421662+03:00,10153550149,6564253531,84.0,80.3,27481845760,1789144165.2120047,2026-09-11T16:29:27.417112+00:00
,,,,12600:llama-server.exe;16804:cmd.exe;18196:ollama app.exe;5732:ollama.exe,large,qwen3:14b-q4_K_M,43.37700719140971,10571866112,2026-09-11T19:34:06.421662+03:00,10153550149,6564253531,81.4,80.1,27411697664,1789144167.922614,2026-09-11T16:29:30.076109+00:00
,,,,12600:llama-server.exe;16804:cmd.exe;18196:ollama app.exe;5732:ollama.exe,large,qwen3:14b-q4_K_M,45.990303433156605,10571886592,2026-09-11T19:34:06.421662+03:00,10153550149,6564253531,77.4,80.5,27531309056,1789144170.5782917,2026-09-11T16:29:32.708816+00:00
,,,,12600:llama-server.exe;16804:cmd.exe;18196:ollama app.exe;5732:ollama.exe,large,qwen3:14b-q4_K_M,36.153221983738945,10641133568,2026-09-11T19:34:34.4396689+03:00,10153550149,6564253531,57.9,80.6,27558350848,1789144173.218242,2026-09-11T16:29:35.345673+00:00
,,,,12600:llama-server.exe;16804:cmd.exe;18196:ollama app.exe;5732:ollama.exe,large,qwen3:14b-q4_K_M,11.666133538595183,10642984960,2026-09-11T19:34:34.4396689+03:00,10153550149,6564253531,25.6,80.4,27493748736,1789144175.8522909,2026-09-11T16:29:37.968503+00:00
,,,,12600:llama-server.exe;16804:cmd.exe;18196:ollama app.exe;5732:ollama.exe,large,qwen3:14b-q4_K_M,46.10576619253182,10642984960,2026-09-11T19:34:34.4396689+03:00,10153550149,6564253531,74.8,80.1,27387326464,1789144178.4730766,2026-09-11T16:29:40.599106+00:00
,,,,12600:llama-server.exe;16804:cmd.exe;18196:ollama app.exe;5732:ollama.exe,large,qwen3:14b-q4_K_M,47.37132806204187,10645852160,2026-09-11T19:34:34.4396689+03:00,10153550149,6564253531,68.6,80.5,27530702848,1789144181.1118035,2026-09-11T16:29:43.265689+00:00
,,,,12600:llama-server.exe;16804:cmd.exe;18196:ollama app.exe;5732:ollama.exe,large,qwen3:14b-q4_K_M,47.54107859714891,10645860352,2026-09-11T19:34:34.4396689+03:00,10153550149,6564253531,67.9,80.5,27537297408,1789144183.7821915,2026-09-11T16:29:45.947400+00:00
,,,,12600:llama-server.exe;16804:cmd.exe;18196:ollama app.exe;5732:ollama.exe,large,qwen3:14b-q4_K_M,45.82732533161185,10645868544,2026-09-11T19:34:34.4396689+03:00,10153550149,6564253531,67.6,80.3,27477082112,1789144186.4586787,2026-09-11T16:29:48.566673+00:00
,,,,12600:llama-server.exe;16804:cmd.exe;18196:ollama app.exe;5732:ollama.exe,large,qwen3:14b-q4_K_M,46.7725231781009,10645876736,2026-09-11T19:34:34.4396689+03:00,10153550149,6564253531,74.5,80.3,27479298048,1789144189.069943,2026-09-11T16:29:51.230291+00:00
,,,,12600:llama-server.exe;16804:cmd.exe;18196:ollama app.exe;5732:ollama.exe,large,qwen3:14b-q4_K_M,45.728802824807616,10645884928,2026-09-11T19:34:34.4396689+03:00,10153550149,6564253531,72.2,80.4,27506806784,1789144191.7379596,2026-09-11T16:29:53.858736+00:00
,,,,12600:llama-server.exe;16804:cmd.exe;18196:ollama app.exe;5732:ollama.exe,large,qwen3:14b-q4_K_M,37.653549541261235,10640834560,2026-09-11T19:34:55.6889549+03:00,10153550149,6564253531,59.2,80.6,27566063616,1789144194.3626292,2026-09-11T16:29:56.492773+00:00
,,,,12600:llama-server.exe;16804:cmd.exe;18196:ollama app.exe;5732:ollama.exe,large,qwen3:14b-q4_K_M,10.480157821749442,10642673664,2026-09-11T19:34:55.6889549+03:00,10153550149,6564253531,25.2,80.6,27564564480,1789144196.9965749,2026-09-11T16:29:59.108887+00:00
,,,,12600:llama-server.exe;16804:cmd.exe;18196:ollama app.exe;5732:ollama.exe,large,qwen3:14b-q4_K_M,45.93201790614991,10642673664,2026-09-11T19:34:55.6889549+03:00,10153550149,6564253531,80.6,80.1,27415052288,1789144199.615935,2026-09-11T16:30:01.746516+00:00
,,,,12600:llama-server.exe;16804:cmd.exe;18196:ollama app.exe;5732:ollama.exe,large,qwen3:14b-q4_K_M,46.95212413439353,10645590016,2026-09-11T19:34:55.6889549+03:00,10153550149,6564253531,73.3,80.3,27472601088,1789144202.2532625,2026-09-11T16:30:04.423752+00:00
,,,,12600:llama-server.exe;16804:cmd.exe;18196:ollama app.exe;5732:ollama.exe,large,qwen3:14b-q4_K_M,46.073305883998735,10645590016,2026-09-11T19:34:55.6889549+03:00,10153550149,6564253531,66.2,80.4,27487158272,1789144204.932417,2026-09-11T16:30:07.067766+00:00
,,,,12600:llama-server.exe;16804:cmd.exe;18196:ollama app.exe;5732:ollama.exe,large,qwen3:14b-q4_K_M,46.07388243285302,10645590016,2026-09-11T19:34:55.6889549+03:00,10153550149,6564253531,75.8,80.2,27430318080,1789144207.5691466,2026-09-11T16:30:09.731555+00:00
,,,,12600:llama-server.exe;16804:cmd.exe;18196:ollama app.exe;5732:ollama.exe,large,qwen3:14b-q4_K_M,46.28575464368953,10645590016,2026-09-11T19:34:55.6889549+03:00,10153550149,6564253531,74.3,80.7,27611717632,1789144210.2528827,2026-09-11T16:30:12.362497+00:00
,,,,12600:llama-server.exe;16804:cmd.exe;18196:ollama app.exe;5732:ollama.exe,large,qwen3:14b-q4_K_M,46.42047276536125,10645590016,2026-09-11T19:34:55.6889549+03:00,10153550149,6564253531,74.0,80.4,27491618816,1789144212.8727307,2026-09-11T16:30:15.018448+00:00
,,,,12600:llama-server.exe;16804:cmd.exe;18196:ollama app.exe;5732:ollama.exe,large,qwen3:14b-q4_K_M,11.942370116430334,10640986112,2026-09-11T19:35:15.303919+03:00,10153550149,6564253531,31.8,80.2,27448586240,1789144215.5221734,2026-09-11T16:30:17.629229+00:00
,,,,12600:llama-server.exe;16804:cmd.exe;18196:ollama app.exe;5732:ollama.exe,large,qwen3:14b-q4_K_M,34.04412282170565,10642825216,2026-09-11T19:35:15.303919+03:00,10153550149,6564253531,66.0,80.4,27495317504,1789144218.1420884,2026-09-11T16:30:20.302806+00:00
,,,,12600:llama-server.exe;16804:cmd.exe;18196:ollama app.exe;5732:ollama.exe,large,qwen3:14b-q4_K_M,45.92185796978631,10642825216,2026-09-11T19:35:15.303919+03:00,10153550149,6564253531,88.5,80.7,27602239488,1789144220.8187368,2026-09-11T16:30:23.076142+00:00
,,,,12600:llama-server.exe;16804:cmd.exe;18196:ollama app.exe;5732:ollama.exe,large,qwen3:14b-q4_K_M,43.56794166256291,10645684224,2026-09-11T19:35:15.303919+03:00,10153550149,6564253531,78.6,80.5,27544702976,1789144223.583217,2026-09-11T16:30:25.729900+00:00
,,,,12600:llama-server.exe;16804:cmd.exe;18196:ollama app.exe;5732:ollama.exe,large,qwen3:14b-q4_K_M,45.05821793924088,10645684224,2026-09-11T19:35:15.303919+03:00,10153550149,6564253531,83.4,80.7,27605622784,1789144226.2360349,2026-09-11T16:30:28.425594+00:00
,,,,12600:llama-server.exe;16804:cmd.exe;18196:ollama app.exe;5732:ollama.exe,large,qwen3:14b-q4_K_M,45.33100462758809,10645692416,2026-09-11T19:35:15.303919+03:00,10153550149,6564253531,76.4,81.2,27778473984,1789144228.9274645,2026-09-11T16:30:31.089673+00:00
,,,,12600:llama-server.exe;16804:cmd.exe;18196:ollama app.exe;5732:ollama.exe,large,qwen3:14b-q4_K_M,46.95253108601059,10645712896,2026-09-11T19:35:15.303919+03:00,10153550149,6564253531,69.7,81.1,27756969984,1789144231.6008205,2026-09-11T16:30:33.787045+00:00
,,,,12600:llama-server.exe;16804:cmd.exe;18196:ollama app.exe;5732:ollama.exe,large,qwen3:14b-q4_K_M,46.579840971303064,10645745664,2026-09-11T19:35:15.303919+03:00,10153550149,6564253531,70.3,80.7,27593625600,1789144234.306748,2026-09-11T16:30:36.466030+00:00
,,,,12600:llama-server.exe;16804:cmd.exe;18196:ollama app.exe;5732:ollama.exe,large,qwen3:14b-q4_K_M,46.72588233222096,10645770240,2026-09-11T19:35:15.303919+03:00,10153550149,6564253531,65.4,80.7,27592110080,1789144236.9735649,2026-09-11T16:30:39.113272+00:00
,,,,12600:llama-server.exe;16804:cmd.exe;18196:ollama app.exe;5732:ollama.exe,large,qwen3:14b-q4_K_M,46.52545893685366,10645778432,2026-09-11T19:35:15.303919+03:00,10153550149,6564253531,78.3,80.6,27571314688,1789144239.6154876,2026-09-11T16:30:41.823474+00:00
,,,,12600:llama-server.exe;16804:cmd.exe;18196:ollama app.exe;5732:ollama.exe,large,qwen3:14b-q4_K_M,21.632990422816793,10715004928,2026-09-11T19:35:42.6430092+03:00,10153550149,6564253531,42.9,80.8,27648638976,1789144242.3300433,2026-09-11T16:30:44.453796+00:00
,,,,12600:llama-server.exe;16804:cmd.exe;18196:ollama app.exe;5732:ollama.exe,large,qwen3:14b-q4_K_M,1.3329710186196135,10715013120,2026-09-11T19:35:42.6430092+03:00,10153550149,6564253531,14.9,81.2,27779842048,1789144244.9674788,2026-09-11T16:30:47.069041+00:00
,,,,12600:llama-server.exe;16804:cmd.exe;18196:ollama app.exe;5732:ollama.exe,large,qwen3:14b-q4_K_M,33.66092408112041,10716856320,2026-09-11T19:35:42.6430092+03:00,10153550149,6564253531,53.8,80.8,27653353472,1789144247.5785367,2026-09-11T16:30:49.715056+00:00
,,,,12600:llama-server.exe;16804:cmd.exe;18196:ollama app.exe;5732:ollama.exe,large,qwen3:14b-q4_K_M,42.94029536997523,10716856320,2026-09-11T19:35:42.6430092+03:00,10153550149,6564253531,83.7,81.1,27750301696,1789144250.2166474,2026-09-11T16:30:52.481216+00:00
,,,,12600:llama-server.exe;16804:cmd.exe;18196:ollama app.exe;5732:ollama.exe,large,qwen3:14b-q4_K_M,45.529277542668346,10719707136,2026-09-11T19:35:42.6430092+03:00,10153550149,6564253531,65.4,80.8,27633373184,1789144252.996452,2026-09-11T16:30:55.166173+00:00
,,,,12600:llama-server.exe;16804:cmd.exe;18196:ollama app.exe;5732:ollama.exe,large,qwen3:14b-q4_K_M,46.08836382518259,10719707136,2026-09-11T19:35:42.6430092+03:00,10153550149,6564253531,67.7,80.6,27558830080,1789144255.6803815,2026-09-11T16:30:57.811929+00:00
,,,,12600:llama-server.exe;16804:cmd.exe;18196:ollama app.exe;5732:ollama.exe,large,qwen3:14b-q4_K_M,47.115637007313666,10719711232,2026-09-11T19:35:42.6430092+03:00,10153550149,6564253531,71.3,80.7,27606499328,1789144258.3196106,2026-09-11T16:31:00.473276+00:00
,,,,12600:llama-server.exe;16804:cmd.exe;18196:ollama app.exe;5732:ollama.exe,large,qwen3:14b-q4_K_M,45.797393750893676,10719735808,2026-09-11T19:35:42.6430092+03:00,10153550149,6564253531,73.5,81.0,27704315904,1789144260.9807882,2026-09-11T16:31:03.143719+00:00
,,,,12600:llama-server.exe;16804:cmd.exe;18196:ollama app.exe;5732:ollama.exe,large,qwen3:14b-q4_K_M,46.66521044810949,10719752192,2026-09-11T19:35:42.6430092+03:00,10153550149,6564253531,66.6,80.6,27569721344,1789144263.6538627,2026-09-11T16:31:05.774184+00:00
,,,,12600:llama-server.exe;16804:cmd.exe;18196:ollama app.exe;5732:ollama.exe,large,qwen3:14b-q4_K_M,47.349692402865905,10719752192,2026-09-11T19:35:42.6430092+03:00,10153550149,6564253531,77.7,80.8,27633434624,1789144266.2827957,2026-09-11T16:31:08.474071+00:00
,,,,12600:llama-server.exe;16804:cmd.exe;18196:ollama app.exe;5732:ollama.exe,large,qwen3:14b-q4_K_M,31.71576257812719,10732232704,2026-09-11T19:36:10.120111+03:00,10153550149,6564253531,72.2,81.1,27758702592,1789144268.9841995,2026-09-11T16:31:11.116700+00:00
,,,,12600:llama-server.exe;16804:cmd.exe;18196:ollama app.exe;5732:ollama.exe,large,qwen3:14b-q4_K_M,3.8879821288163225,10732240896,2026-09-11T19:36:10.120111+03:00,10153550149,6564253531,29.5,81.2,27787857920,1789144271.6299057,2026-09-11T16:31:13.741110+00:00
,,,,12600:llama-server.exe;16804:cmd.exe;18196:ollama app.exe;5732:ollama.exe,large,qwen3:14b-q4_K_M,17.944236446954875,10734075904,2026-09-11T19:36:10.120111+03:00,10153550149,6564253531,32.7,81.1,27727847424,1789144274.2494214,2026-09-11T16:31:16.357986+00:00
,,,,12600:llama-server.exe;16804:cmd.exe;18196:ollama app.exe;5732:ollama.exe,large,qwen3:14b-q4_K_M,47.20056214159019,10734104576,2026-09-11T19:36:10.120111+03:00,10153550149,6564253531,70.6,81.3,27826585600,1789144276.86735,2026-09-11T16:31:19.005360+00:00
,,,,12600:llama-server.exe;16804:cmd.exe;18196:ollama app.exe;5732:ollama.exe,large,qwen3:14b-q4_K_M,46.201684424398834,10736893952,2026-09-11T19:36:10.120111+03:00,10153550149,6564253531,76.9,81.2,27783659520,1789144279.5136957,2026-09-11T16:31:21.710391+00:00
,,,,12600:llama-server.exe;16804:cmd.exe;18196:ollama app.exe;5732:ollama.exe,large,qwen3:14b-q4_K_M,45.50708634766035,10736906240,2026-09-11T19:36:10.120111+03:00,10153550149,6564253531,75.7,81.4,27829166080,1789144282.2204628,2026-09-11T16:31:24.353079+00:00
,,,,12600:llama-server.exe;16804:cmd.exe;18196:ollama app.exe;5732:ollama.exe,large,qwen3:14b-q4_K_M,46.90734447264993,10736910336,2026-09-11T19:36:10.120111+03:00,10153550149,6564253531,76.8,81.4,27857162240,1789144284.860308,2026-09-11T16:31:27.057085+00:00
,,,,12600:llama-server.exe;16804:cmd.exe;18196:ollama app.exe;5732:ollama.exe,large,qwen3:14b-q4_K_M,45.84380442549052,10736914432,2026-09-11T19:36:10.120111+03:00,10153550149,6564253531,78.2,81.0,27702398976,1789144287.5585551,2026-09-11T16:31:29.731755+00:00
,,,,12600:llama-server.exe;16804:cmd.exe;18196:ollama app.exe;5732:ollama.exe,large,qwen3:14b-q4_K_M,44.97204281756496,10736930816,2026-09-11T19:36:10.120111+03:00,10153550149,6564253531,85.7,81.2,27787333632,1789144290.2338283,2026-09-11T16:31:32.380632+00:00
,,,,12600:llama-server.exe;16804:cmd.exe;18196:ollama app.exe;5732:ollama.exe,large,qwen3:14b-q4_K_M,46.797260721724115,10736939008,2026-09-11T19:36:10.120111+03:00,10153550149,6564253531,77.4,81.3,27820728320,1789144292.8937953,2026-09-11T16:31:35.077370+00:00
,,,,12600:llama-server.exe;16804:cmd.exe;18196:ollama app.exe;5732:ollama.exe,large,qwen3:14b-q4_K_M,45.49303272310734,10736939008,2026-09-11T19:36:10.120111+03:00,10153550149,6564253531,79.3,81.1,27756544000,1789144295.5785012,2026-09-11T16:31:37.729054+00:00
,,,,12600:llama-server.exe;16804:cmd.exe;18196:ollama app.exe;5732:ollama.exe,large,qwen3:14b-q4_K_M,12.859655749760181,10824556544,2026-09-11T19:36:37.9571595+03:00,10153550149,6564253531,41.6,81.4,27861889024,1789144298.2313392,2026-09-11T16:31:40.342944+00:00
,,,,12600:llama-server.exe;16804:cmd.exe;18196:ollama app.exe;5732:ollama.exe,large,qwen3:14b-q4_K_M,0.7961927417936892,10824556544,2026-09-11T19:36:37.9571595+03:00,10153550149,6564253531,26.5,81.9,28006772736,1789144300.8479586,2026-09-11T16:31:42.953445+00:00
,,,,12600:llama-server.exe;16804:cmd.exe;18196:ollama app.exe;5732:ollama.exe,large,qwen3:14b-q4_K_M,43.09641750654193,10826403840,2026-09-11T19:36:37.9571595+03:00,10153550149,6564253531,68.0,81.5,27878019072,1789144303.455363,2026-09-11T16:31:45.585887+00:00
,,,,12600:llama-server.exe;16804:cmd.exe;18196:ollama app.exe;5732:ollama.exe,large,qwen3:14b-q4_K_M,46.71201354324004,10829131776,2026-09-11T19:36:37.9571595+03:00,10153550149,6564253531,69.0,81.2,27793195008,1789144306.0895221,2026-09-11T16:31:48.214634+00:00
,,,,12600:llama-server.exe;16804:cmd.exe;18196:ollama app.exe;5732:ollama.exe,large,qwen3:14b-q4_K_M,42.98472117957567,10829156352,2026-09-11T19:36:37.9571595+03:00,10153550149,6564253531,87.6,81.4,27832557568,1789144308.7249062,2026-09-11T16:31:50.948415+00:00
,,,,12600:llama-server.exe;16804:cmd.exe;18196:ollama app.exe;5732:ollama.exe,large,qwen3:14b-q4_K_M,42.140666078358485,10829180928,2026-09-11T19:36:37.9571595+03:00,10153550149,6564253531,93.9,81.6,27916513280,1789144311.4501538,2026-09-11T16:31:53.713313+00:00
,,,,12600:llama-server.exe;16804:cmd.exe;18196:ollama app.exe;5732:ollama.exe,large,qwen3:14b-q4_K_M,43.6145870861855,10829185024,2026-09-11T19:36:37.9571595+03:00,10153550149,6564253531,78.6,81.1,27747745792,1789144314.22959,2026-09-11T16:31:56.365097+00:00
,,,,12600:llama-server.exe;16804:cmd.exe;18196:ollama app.exe;5732:ollama.exe,large,qwen3:14b-q4_K_M,47.41161293368762,10829201408,2026-09-11T19:36:37.9571595+03:00,10153550149,6564253531,72.6,81.5,27865649152,1789144316.8688211,2026-09-11T16:31:58.992452+00:00
,,,,12600:llama-server.exe;16804:cmd.exe;18196:ollama app.exe;5732:ollama.exe,large,qwen3:14b-q4_K_M,45.10143562095718,10829201408,2026-09-11T19:36:37.9571595+03:00,10153550149,6564253531,80.5,81.7,27956187136,1789144319.504662,2026-09-11T16:32:01.652346+00:00
,,,,12600:llama-server.exe;16804:cmd.exe;18196:ollama app.exe;5732:ollama.exe,large,qwen3:14b-q4_K_M,32.40009351217746,10913607680,2026-09-11T19:37:03.1774427+03:00,10153550149,6564253531,53.6,81.4,27846074368,1789144322.165084,2026-09-11T16:32:04.298998+00:00
,,,,12600:llama-server.exe;16804:cmd.exe;18196:ollama app.exe;5732:ollama.exe,large,qwen3:14b-q4_K_M,3.4014209655604684,10913607680,2026-09-11T19:37:03.1774427+03:00,10153550149,6564253531,12.0,81.3,27816837120,1789144324.8064432,2026-09-11T16:32:06.899125+00:00
,,,,12600:llama-server.exe;16804:cmd.exe;18196:ollama app.exe;5732:ollama.exe,large,qwen3:14b-q4_K_M,21.70708576687239,10915442688,2026-09-11T19:37:03.1774427+03:00,10153550149,6564253531,47.7,81.5,27873079296,1789144327.4037614,2026-09-11T16:32:09.514723+00:00
,,,,12600:llama-server.exe;16804:cmd.exe;18196:ollama app.exe;5732:ollama.exe,large,qwen3:14b-q4_K_M,47.00130989285209,10915442688,2026-09-11T19:37:03.1774427+03:00,10153550149,6564253531,74.6,81.4,27845689344,1789144330.0272477,2026-09-11T16:32:12.168530+00:00
,,,,12600:llama-server.exe;16804:cmd.exe;18196:ollama app.exe;5732:ollama.exe,large,qwen3:14b-q4_K_M,45.99525163195752,10918199296,2026-09-11T19:37:03.1774427+03:00,10153550149,6564253531,81.0,81.2,27791368192,1789144332.6798086,2026-09-11T16:32:14.825292+00:00
,,,,12600:llama-server.exe;16804:cmd.exe;18196:ollama app.exe;5732:ollama.exe,large,qwen3:14b-q4_K_M,46.9980513714551,10918203392,2026-09-11T19:37:03.1774427+03:00,10153550149,6564253531,80.7,81.3,27816300544,1789144335.3367229,2026-09-11T16:32:17.497119+00:00
,,,,12600:llama-server.exe;16804:cmd.exe;18196:ollama app.exe;5732:ollama.exe,large,qwen3:14b-q4_K_M,43.85259567614533,10918207488,2026-09-11T19:37:03.1774427+03:00,10153550149,6564253531,89.3,81.5,27879886848,1789144338.00012,2026-09-11T16:32:20.191778+00:00
,,,,12600:llama-server.exe;16804:cmd.exe;18196:ollama app.exe;5732:ollama.exe,large,qwen3:14b-q4_K_M,43.41645947560169,10918207488,2026-09-11T19:37:03.1774427+03:00,10153550149,6564253531,86.5,81.3,27796336640,1789144340.7052672,2026-09-11T16:32:22.981010+00:00
,,,,12600:llama-server.exe;16804:cmd.exe;18196:ollama app.exe;5732:ollama.exe,large,qwen3:14b-q4_K_M,44.90777207469234,10918215680,2026-09-11T19:37:03.1774427+03:00,10153550149,6564253531,72.0,80.8,27657175040,1789144343.4887497,2026-09-11T16:32:25.617306+00:00
,,,,12600:llama-server.exe;16804:cmd.exe;18196:ollama app.exe;5732:ollama.exe,large,qwen3:14b-q4_K_M,46.17682703418731,10918199296,2026-09-11T19:37:03.1774427+03:00,10153550149,6564253531,81.0,81.0,27713150976,1789144346.122421,2026-09-11T16:32:28.260441+00:00
,,,,12600:llama-server.exe;16804:cmd.exe;18196:ollama app.exe;5732:ollama.exe,large,qwen3:14b-q4_K_M,45.89271652527586,10918215680,2026-09-11T19:37:03.1774427+03:00,10153550149,6564253531,80.9,81.2,27776466944,1789144348.763885,2026-09-11T16:32:30.953197+00:00
,,,,12600:llama-server.exe;16804:cmd.exe;18196:ollama app.exe;5732:ollama.exe,large,qwen3:14b-q4_K_M,37.427016269704,11006889984,2026-09-11T19:37:32.9611744+03:00,10153550149,6564253531,75.5,81.6,27913363456,1789144351.4635837,2026-09-11T16:32:33.630064+00:00
,,,,12600:llama-server.exe;16804:cmd.exe;18196:ollama app.exe;5732:ollama.exe,large,qwen3:14b-q4_K_M,4.765818954907246,11006889984,2026-09-11T19:37:32.9611744+03:00,10153550149,6564253531,17.7,81.4,27859664896,1789144354.1410704,2026-09-11T16:32:36.245347+00:00
,,,,12600:llama-server.exe;16804:cmd.exe;18196:ollama app.exe;5732:ollama.exe,large,qwen3:14b-q4_K_M,13.29865422554285,11008729088,2026-09-11T19:37:32.9611744+03:00,10153550149,6564253531,29.0,81.1,27751473152,1789144356.7455006,2026-09-11T16:32:38.850568+00:00
,,,,12600:llama-server.exe;16804:cmd.exe;18196:ollama app.exe;5732:ollama.exe,large,qwen3:14b-q4_K_M,47.48544397486398,11008729088,2026-09-11T19:37:32.9611744+03:00,10153550149,6564253531,81.3,81.4,27839610880,1789144359.3559496,2026-09-11T16:32:41.515455+00:00
,,,,12600:llama-server.exe;16804:cmd.exe;18196:ollama app.exe;5732:ollama.exe,large,qwen3:14b-q4_K_M,45.83818720481706,11011387392,2026-09-11T19:37:32.9611744+03:00,10153550149,6564253531,76.7,81.6,27914227712,1789144362.0175996,2026-09-11T16:32:44.169429+00:00
,,,,12600:llama-server.exe;16804:cmd.exe;18196:ollama app.exe;5732:ollama.exe,large,qwen3:14b-q4_K_M,46.58704477008178,11011395584,2026-09-11T19:37:32.9611744+03:00,10153550149,6564253531,68.3,81.3,27801939968,1789144364.6839793,2026-09-11T16:32:46.798607+00:00
,,,,12600:llama-server.exe;16804:cmd.exe;18196:ollama app.exe;5732:ollama.exe,large,qwen3:14b-q4_K_M,47.486114173732346,11011395584,2026-09-11T19:37:32.9611744+03:00,10153550149,6564253531,66.9,81.4,27833622528,1789144367.3081017,2026-09-11T16:32:49.484784+00:00
,,,,12600:llama-server.exe;16804:cmd.exe;18196:ollama app.exe;5732:ollama.exe,large,qwen3:14b-q4_K_M,45.68670065430062,11011395584,2026-09-11T19:37:32.9611744+03:00,10153550149,6564253531,71.7,81.3,27806736384,1789144369.9899771,2026-09-11T16:32:52.135075+00:00
,,,,12600:llama-server.exe;16804:cmd.exe;18196:ollama app.exe;5732:ollama.exe,large,qwen3:14b-q4_K_M,46.83013535372367,11011436544,2026-09-11T19:37:32.9611744+03:00,10153550149,6564253531,73.8,81.2,27781881856,1789144372.6397355,2026-09-11T16:32:54.803559+00:00
,,,,12600:llama-server.exe;16804:cmd.exe;18196:ollama app.exe;5732:ollama.exe,large,qwen3:14b-q4_K_M,40.36533611127198,11093360640,2026-09-11T19:37:56.8864593+03:00,10153550149,6564253531,64.0,80.9,27688579072,1789144375.3074276,2026-09-11T16:32:57.440370+00:00
,,,,12600:llama-server.exe;16804:cmd.exe;18196:ollama app.exe;5732:ollama.exe,large,qwen3:14b-q4_K_M,5.227407347676449,11093360640,2026-09-11T19:37:56.8864593+03:00,10153550149,6564253531,33.5,81.4,27851603968,1789144377.9477582,2026-09-11T16:33:00.055227+00:00
,,,,12600:llama-server.exe;16804:cmd.exe;18196:ollama app.exe;5732:ollama.exe,large,qwen3:14b-q4_K_M,11.202769768129652,11095191552,2026-09-11T19:37:56.8864593+03:00,10153550149,6564253531,39.5,81.7,27941851136,1789144380.562904,2026-09-11T16:33:02.680212+00:00
,,,,12600:llama-server.exe;16804:cmd.exe;18196:ollama app.exe;5732:ollama.exe,large,qwen3:14b-q4_K_M,48.777511401290596,11095191552,2026-09-11T19:37:56.8864593+03:00,10153550149,6564253531,73.4,81.7,27964915712,1789144383.1842878,2026-09-11T16:33:05.421829+00:00
,,,,12600:llama-server.exe;16804:cmd.exe;18196:ollama app.exe;5732:ollama.exe,large,qwen3:14b-q4_K_M,44.81173585130759,11097870336,2026-09-11T19:37:56.8864593+03:00,10153550149,6564253531,69.2,81.5,27872378880,1789144385.9301505,2026-09-11T16:33:08.076057+00:00
,,,,12600:llama-server.exe;16804:cmd.exe;18196:ollama app.exe;5732:ollama.exe,large,qwen3:14b-q4_K_M,46.22632414255214,11097886720,2026-09-11T19:37:56.8864593+03:00,10153550149,6564253531,72.4,81.7,27955077120,1789144388.5779023,2026-09-11T16:33:10.734826+00:00
,,,,12600:llama-server.exe;16804:cmd.exe;18196:ollama app.exe;5732:ollama.exe,large,qwen3:14b-q4_K_M,46.19448610954307,11097894912,2026-09-11T19:37:56.8864593+03:00,10153550149,6564253531,66.5,81.5,27888492544,1789144391.2387538,2026-09-11T16:33:13.400055+00:00
,,,,12600:llama-server.exe;16804:cmd.exe;18196:ollama app.exe;5732:ollama.exe,large,qwen3:14b-q4_K_M,46.143676226299874,11097894912,2026-09-11T19:37:56.8864593+03:00,10153550149,6564253531,69.5,81.6,27899101184,1789144393.9025352,2026-09-11T16:33:16.049682+00:00
,,,,12600:llama-server.exe;16804:cmd.exe;18196:ollama app.exe;5732:ollama.exe,large,qwen3:14b-q4_K_M,46.511270708725824,11097899008,2026-09-11T19:37:56.8864593+03:00,10153550149,6564253531,66.1,81.3,27819061248,1789144396.5620608,2026-09-11T16:33:18.662253+00:00
,,,,12600:llama-server.exe;16804:cmd.exe;18196:ollama app.exe;5732:ollama.exe,large,qwen3:14b-q4_K_M,46.68899395321938,11097911296,2026-09-11T19:37:56.8864593+03:00,10153550149,6564253531,73.5,81.5,27887280128,1789144399.172419,2026-09-11T16:33:21.346168+00:00
,,,,12600:llama-server.exe;16804:cmd.exe;18196:ollama app.exe;5732:ollama.exe,large,qwen3:14b-q4_K_M,30.56995591443106,11182366720,2026-09-11T19:38:22.7561626+03:00,10153550149,6564253531,54.0,81.8,27998879744,1789144401.8472948,2026-09-11T16:33:23.966664+00:00
,,,,12600:llama-server.exe;16804:cmd.exe;18196:ollama app.exe;5732:ollama.exe,large,qwen3:14b-q4_K_M,2.1841870404062,11182366720,2026-09-11T19:38:22.7561626+03:00,10153550149,6564253531,19.4,81.7,27963580416,1789144404.470315,2026-09-11T16:33:26.569117+00:00
,,,,12600:llama-server.exe;16804:cmd.exe;18196:ollama app.exe;5732:ollama.exe,large,qwen3:14b-q4_K_M,41.644558044508464,11184197632,2026-09-11T19:38:22.7561626+03:00,10153550149,6564253531,64.1,81.5,27869536256,1789144407.074822,2026-09-11T16:33:29.198847+00:00
,,,,12600:llama-server.exe;16804:cmd.exe;18196:ollama app.exe;5732:ollama.exe,large,qwen3:14b-q4_K_M,44.61422474161564,11184197632,2026-09-11T19:38:22.7561626+03:00,10153550149,6564253531,83.2,81.7,27962593280,1789144409.7015066,2026-09-11T16:33:31.875695+00:00
,,,,12600:llama-server.exe;16804:cmd.exe;18196:ollama app.exe;5732:ollama.exe,large,qwen3:14b-q4_K_M,46.39345904293869,11186106368,2026-09-11T19:38:22.7561626+03:00,10153550149,6564253531,69.6,81.9,28009472000,1789144412.3762057,2026-09-11T16:33:34.509899+00:00
,,,,12600:llama-server.exe;16804:cmd.exe;18196:ollama app.exe;5732:ollama.exe,large,qwen3:14b-q4_K_M,46.025473764443575,11186110464,2026-09-11T19:38:22.7561626+03:00,10153550149,6564253531,77.8,81.7,27932536832,1789144415.0128796,2026-09-11T16:33:37.160096+00:00
,,,,12600:llama-server.exe;16804:cmd.exe;18196:ollama app.exe;5732:ollama.exe,large,qwen3:14b-q4_K_M,45.785516380373096,11186110464,2026-09-11T19:38:22.7561626+03:00,10153550149,6564253531,79.0,81.7,27962871808,1789144417.6918108,2026-09-11T16:33:39.852643+00:00
,,,,12600:llama-server.exe;16804:cmd.exe;18196:ollama app.exe;5732:ollama.exe,large,qwen3:14b-q4_K_M,46.58883868833303,11186126848,2026-09-11T19:38:22.7561626+03:00,10153550149,6564253531,82.4,82.2,28122656768,1789144420.3692672,2026-09-11T16:33:42.631781+00:00
,,,,12600:llama-server.exe;16804:cmd.exe;18196:ollama app.exe;5732:ollama.exe,large,qwen3:14b-q4_K_M,44.74366357676215,11186130944,2026-09-11T19:38:22.7561626+03:00,10153550149,6564253531,77.4,81.9,28011311104,1789144423.1484084,2026-09-11T16:33:45.306381+00:00
,,,,12600:llama-server.exe;16804:cmd.exe;18196:ollama app.exe;5732:ollama.exe,large,qwen3:14b-q4_K_M,46.37205128907887,11186130944,2026-09-11T19:38:22.7561626+03:00,10153550149,6564253531,72.4,81.7,27945967616,1789144425.8103027,2026-09-11T16:33:47.953901+00:00
,,,,12600:llama-server.exe;16804:cmd.exe;18196:ollama app.exe;5732:ollama.exe,large,qwen3:14b-q4_K_M,29.562588798388752,11193106432,2026-09-11T19:38:49.3388273+03:00,10153550149,6564253531,65.3,81.7,27936268288,1789144428.4662144,2026-09-11T16:33:50.608420+00:00
,,,,12600:llama-server.exe;16804:cmd.exe;18196:ollama app.exe;5732:ollama.exe,large,qwen3:14b-q4_K_M,2.2587887548606216,11193106432,2026-09-11T19:38:49.3388273+03:00,10153550149,6564253531,18.1,82.0,28047306752,1789144431.1178937,2026-09-11T16:33:53.221062+00:00
,,,,12600:llama-server.exe;16804:cmd.exe;18196:ollama app.exe;5732:ollama.exe,large,qwen3:14b-q4_K_M,42.76253817151616,11194949632,2026-09-11T19:38:49.3388273+03:00,10153550149,6564253531,58.0,82.0,28066263040,1789144433.7304316,2026-09-11T16:33:55.888552+00:00
,,,,12600:llama-server.exe;16804:cmd.exe;18196:ollama app.exe;5732:ollama.exe,large,qwen3:14b-q4_K_M,46.98968576882915,11194990592,2026-09-11T19:38:49.3388273+03:00,10153550149,6564253531,68.0,81.8,27999059968,1789144436.4016738,2026-09-11T16:33:58.568355+00:00
,,,,12600:llama-server.exe;16804:cmd.exe;18196:ollama app.exe;5732:ollama.exe,large,qwen3:14b-q4_K_M,46.23052901641329,11194990592,2026-09-11T19:38:49.3388273+03:00,10153550149,6564253531,73.1,81.6,27924783104,1789144439.0717168,2026-09-11T16:34:01.190996+00:00
,,,,12600:llama-server.exe;16804:cmd.exe;18196:ollama app.exe;5732:ollama.exe,large,qwen3:14b-q4_K_M,47.02402374249514,11195006976,2026-09-11T19:38:49.3388273+03:00,10153550149,6564253531,74.7,81.9,28001816576,1789144441.6911669,2026-09-11T16:34:03.812103+00:00
,,,,12600:llama-server.exe;16804:cmd.exe;18196:ollama app.exe;5732:ollama.exe,large,qwen3:14b-q4_K_M,47.58265355610782,11195006976,2026-09-11T19:38:49.3388273+03:00,10153550149,6564253531,73.1,82.0,28043173888,1789144444.3127017,2026-09-11T16:34:06.506996+00:00
,,,,12600:llama-server.exe;16804:cmd.exe;18196:ollama app.exe;5732:ollama.exe,large,qwen3:14b-q4_K_M,45.557155401171485,11195015168,2026-09-11T19:38:49.3388273+03:00,10153550149,6564253531,68.2,81.8,27967627264,1789144447.0079195,2026-09-11T16:34:09.121842+00:00
,,,,12600:llama-server.exe;16804:cmd.exe;18196:ollama app.exe;5732:ollama.exe,large,qwen3:14b-q4_K_M,46.318293518418585,11195015168,2026-09-11T19:38:49.3388273+03:00,10153550149,6564253531,77.0,82.0,28060393472,1789144449.6279247,2026-09-11T16:34:11.777315+00:00
,,,,12600:llama-server.exe;16804:cmd.exe;18196:ollama app.exe;5732:ollama.exe,large,qwen3:14b-q4_K_M,21.701203952620315,11271593984,2026-09-11T19:39:12.5713564+03:00,10153550149,6564253531,43.8,82.2,28128649216,1789144452.2799473,2026-09-11T16:34:14.393374+00:00
,,,,12600:llama-server.exe;16804:cmd.exe;18196:ollama app.exe;5732:ollama.exe,large,qwen3:14b-q4_K_M,6.4620175042908805,11273420800,2026-09-11T19:39:12.5713564+03:00,10153550149,6564253531,25.5,82.2,28111437824,1789144454.8994207,2026-09-11T16:34:17.015681+00:00
,,,,12600:llama-server.exe;16804:cmd.exe;18196:ollama app.exe;5732:ollama.exe,large,qwen3:14b-q4_K_M,46.82516923419751,11273420800,2026-09-11T19:39:12.5713564+03:00,10153550149,6564253531,72.7,81.9,28023754752,1789144457.529995,2026-09-11T16:34:19.721606+00:00
,,,,12600:llama-server.exe;16804:cmd.exe;18196:ollama app.exe;5732:ollama.exe,large,qwen3:14b-q4_K_M,44.9909504635669,11273342976,2026-09-11T19:39:12.5713564+03:00,10153550149,6564253531,79.7,82.2,28130004992,1789144460.2301908,2026-09-11T16:34:22.383114+00:00
,,,,12600:llama-server.exe;16804:cmd.exe;18196:ollama app.exe;5732:ollama.exe,large,qwen3:14b-q4_K_M,45.91659770033432,11273342976,2026-09-11T19:39:12.5713564+03:00,10153550149,6564253531,76.9,82.1,28081025024,1789144462.892967,2026-09-11T16:34:25.036555+00:00
,,,,12600:llama-server.exe;16804:cmd.exe;18196:ollama app.exe;5732:ollama.exe,large,qwen3:14b-q4_K_M,47.44874081986449,11273342976,2026-09-11T19:39:12.5713564+03:00,10153550149,6564253531,68.5,82.3,28151554048,1789144465.5383656,2026-09-11T16:34:27.715608+00:00
,,,,12600:llama-server.exe;16804:cmd.exe;18196:ollama app.exe;5732:ollama.exe,large,qwen3:14b-q4_K_M,44.500007145978586,11273342976,2026-09-11T19:39:12.5713564+03:00,10153550149,6564253531,76.6,82.1,28073037824,1789144468.2186086,2026-09-11T16:34:30.345403+00:00
,,,,12600:llama-server.exe;16804:cmd.exe;18196:ollama app.exe;5732:ollama.exe,large,qwen3:14b-q4_K_M,46.90063509024421,11273342976,2026-09-11T19:39:12.5713564+03:00,10153550149,6564253531,74.7,82.4,28192559104,1789144470.8532789,2026-09-11T16:34:33.034867+00:00
,,,,12600:llama-server.exe;16804:cmd.exe;18196:ollama app.exe;5732:ollama.exe,large,qwen3:14b-q4_K_M,45.99751100933779,11273355264,2026-09-11T19:39:12.5713564+03:00,10153550149,6564253531,66.9,81.8,27979407360,1789144473.5453403,2026-09-11T16:34:35.675250+00:00
,,,,12600:llama-server.exe;16804:cmd.exe;18196:ollama app.exe;5732:ollama.exe,large,qwen3:14b-q4_K_M,47.163015503987545,11273355264,2026-09-11T19:39:12.5713564+03:00,10153550149,6564253531,66.1,82.0,28055523328,1789144476.1791573,2026-09-11T16:34:38.317116+00:00
,,,,12600:llama-server.exe;16804:cmd.exe;18196:ollama app.exe;5732:ollama.exe,large,qwen3:14b-q4_K_M,46.32110763481589,11273355264,2026-09-11T19:39:12.5713564+03:00,10153550149,6564253531,80.0,81.7,27952443392,1789144478.8271132,2026-09-11T16:34:40.971273+00:00
,,,,12600:llama-server.exe;16804:cmd.exe;18196:ollama app.exe;5732:ollama.exe,large,qwen3:14b-q4_K_M,10.92338182978198,11354816512,2026-09-11T19:39:41.1382733+03:00,10153550149,6564253531,28.4,82.7,28283207680,1789144481.4853063,2026-09-11T16:34:43.588219+00:00
,,,,12600:llama-server.exe;16804:cmd.exe;18196:ollama app.exe;5732:ollama.exe,large,qwen3:14b-q4_K_M,17.737634863489177,11356643328,2026-09-11T19:39:41.1382733+03:00,10153550149,6564253531,34.2,82.5,28221288448,1789144484.0912883,2026-09-11T16:34:46.209160+00:00
,,,,12600:llama-server.exe;16804:cmd.exe;18196:ollama app.exe;5732:ollama.exe,large,qwen3:14b-q4_K_M,46.92992094021412,11356643328,2026-09-11T19:39:41.1382733+03:00,10153550149,6564253531,59.5,82.4,28182929408,1789144486.7104418,2026-09-11T16:34:48.830422+00:00
,,,,12600:llama-server.exe;16804:cmd.exe;18196:ollama app.exe;5732:ollama.exe,large,qwen3:14b-q4_K_M,46.37592708472402,11356725248,2026-09-11T19:39:41.1382733+03:00,10153550149,6564253531,67.8,81.3,27817775104,1789144489.335614,2026-09-11T16:34:51.509023+00:00
,,,,12600:llama-server.exe;16804:cmd.exe;18196:ollama app.exe;5732:ollama.exe,large,qwen3:14b-q4_K_M,45.695963205077554,11356725248,2026-09-11T19:39:41.1382733+03:00,10153550149,6564253531,69.3,81.4,27862609920,1789144492.011247,2026-09-11T16:34:54.159231+00:00
,,,,12600:llama-server.exe;16804:cmd.exe;18196:ollama app.exe;5732:ollama.exe,large,qwen3:14b-q4_K_M,46.99274229378091,11356725248,2026-09-11T19:39:41.1382733+03:00,10153550149,6564253531,63.0,81.0,27692838912,1789144494.6684613,2026-09-11T16:34:56.791446+00:00
,,,,12600:llama-server.exe;16804:cmd.exe;18196:ollama app.exe;5732:ollama.exe,large,qwen3:14b-q4_K_M,45.48300146265281,11432607744,2026-09-11T19:39:59.1502721+03:00,10153550149,6564253531,55.0,81.1,27735592960,1789144497.3022292,2026-09-11T16:34:59.408472+00:00
,,,,12600:llama-server.exe;16804:cmd.exe;18196:ollama app.exe;5732:ollama.exe,large,qwen3:14b-q4_K_M,4.868070077588929,11432607744,2026-09-11T19:39:59.1502721+03:00,10153550149,6564253531,15.1,81.5,27878944768,1789144499.9234767,2026-09-11T16:35:02.021633+00:00
,,,,12600:llama-server.exe;16804:cmd.exe;18196:ollama app.exe;5732:ollama.exe,large,qwen3:14b-q4_K_M,26.085193677138253,11434434560,2026-09-11T19:39:59.1502721+03:00,10153550149,6564253531,31.0,81.4,27852378112,1789144502.5241299,2026-09-11T16:35:04.625886+00:00
,,,,12600:llama-server.exe;16804:cmd.exe;18196:ollama app.exe;5732:ollama.exe,large,qwen3:14b-q4_K_M,47.5353106183628,11434479616,2026-09-11T19:39:59.1502721+03:00,10153550149,6564253531,57.3,81.4,27840544768,1789144505.1345797,2026-09-11T16:35:07.257065+00:00
,,,,12600:llama-server.exe;16804:cmd.exe;18196:ollama app.exe;5732:ollama.exe,large,qwen3:14b-q4_K_M,47.199503482768336,11434479616,2026-09-11T19:39:59.1502721+03:00,10153550149,6564253531,61.1,81.3,27816312832,1789144507.7663605,2026-09-11T16:35:09.911408+00:00
,,,,12600:llama-server.exe;16804:cmd.exe;18196:ollama app.exe;5732:ollama.exe,large,qwen3:14b-q4_K_M,46.98090487458386,11434479616,2026-09-11T19:39:59.1502721+03:00,10153550149,6564253531,60.6,81.5,27870031872,1789144510.4187014,2026-09-11T16:35:12.542686+00:00
,,,,12600:llama-server.exe;16804:cmd.exe;18196:ollama app.exe;5732:ollama.exe,large,qwen3:14b-q4_K_M,47.06908118279453,11434479616,2026-09-11T19:39:59.1502721+03:00,10153550149,6564253531,56.8,81.4,27844591616,1789144513.0467093,2026-09-11T16:35:15.156646+00:00
,,,,12600:llama-server.exe;16804:cmd.exe;18196:ollama app.exe;5732:ollama.exe,large,qwen3:14b-q4_K_M,47.48648053082575,11434487808,2026-09-11T19:39:59.1502721+03:00,10153550149,6564253531,56.4,81.6,27906883584,1789144515.6571014,2026-09-11T16:35:17.770036+00:00
,,,,12600:llama-server.exe;16804:cmd.exe;18196:ollama app.exe;5732:ollama.exe,large,qwen3:14b-q4_K_M,46.51689595285539,11434487808,2026-09-11T19:39:59.1502721+03:00,10153550149,6564253531,62.0,81.8,27967938560,1789144518.274318,2026-09-11T16:35:20.394707+00:00
,,,,12600:llama-server.exe;16804:cmd.exe;18196:ollama app.exe;5732:ollama.exe,large,qwen3:14b-q4_K_M,13.737203423585616,11439403008,2026-09-11T19:40:20.7110314+03:00,10153550149,6564253531,31.0,82.0,28040261632,1789144520.8998675,2026-09-11T16:35:22.994852+00:00
,,,,12600:llama-server.exe;16804:cmd.exe;18196:ollama app.exe;5732:ollama.exe,large,qwen3:14b-q4_K_M,14.447870918008729,11441229824,2026-09-11T19:40:20.7110314+03:00,10153550149,6564253531,26.0,81.5,27880919040,1789144523.4954057,2026-09-11T16:35:25.601115+00:00
,,,,12600:llama-server.exe;16804:cmd.exe;18196:ollama app.exe;5732:ollama.exe,large,qwen3:14b-q4_K_M,47.655152169367014,11441229824,2026-09-11T19:40:20.7110314+03:00,10153550149,6564253531,54.4,81.5,27863859200,1789144526.1047554,2026-09-11T16:35:28.223375+00:00
,,,,12600:llama-server.exe;16804:cmd.exe;18196:ollama app.exe;5732:ollama.exe,large,qwen3:14b-q4_K_M,46.27711545953803,11441274880,2026-09-11T19:40:20.7110314+03:00,10153550149,6564253531,62.9,81.5,27883913216,1789144528.7327192,2026-09-11T16:35:30.848901+00:00
,,,,12600:llama-server.exe;16804:cmd.exe;18196:ollama app.exe;5732:ollama.exe,large,qwen3:14b-q4_K_M,46.90356695263465,11441274880,2026-09-11T19:40:20.7110314+03:00,10153550149,6564253531,64.0,81.6,27929182208,1789144531.3588965,2026-09-11T16:35:33.481914+00:00
,,,,12600:llama-server.exe;16804:cmd.exe;18196:ollama app.exe;5732:ollama.exe,large,qwen3:14b-q4_K_M,47.116455545,11441283072,2026-09-11T19:40:20.7110314+03:00,10153550149,6564253531,64.4,81.6,27899371520,1789144533.984262,2026-09-11T16:35:36.125800+00:00
,,,,12600:llama-server.exe;16804:cmd.exe;18196:ollama app.exe;5732:ollama.exe,large,qwen3:14b-q4_K_M,46.988346238767456,11441291264,2026-09-11T19:40:20.7110314+03:00,10153550149,6564253531,54.5,81.7,27933794304,1789144536.6278696,2026-09-11T16:35:38.750664+00:00
,,,,12600:llama-server.exe;16804:cmd.exe;18196:ollama app.exe;5732:ollama.exe,large,qwen3:14b-q4_K_M,47.28594222602497,11441291264,2026-09-11T19:40:20.7110314+03:00,10153550149,6564253531,60.8,81.6,27929694208,1789144539.2658541,2026-09-11T16:35:41.431442+00:00
,,,,12600:llama-server.exe;16804:cmd.exe;18196:ollama app.exe;5732:ollama.exe,large,qwen3:14b-q4_K_M,18.642486231383867,11439165440,2026-09-11T19:40:41.9636189+03:00,10153550149,6564253531,24.6,81.9,28001673216,1789144541.9478998,2026-09-11T16:35:44.036970+00:00
,,,,12600:llama-server.exe;16804:cmd.exe;18196:ollama app.exe;5732:ollama.exe,large,qwen3:14b-q4_K_M,47.6229310177935,11439165440,2026-09-11T19:40:41.9636189+03:00,10153550149,6564253531,67.6,81.7,27946676224,1789144544.5562809,2026-09-11T16:35:46.705447+00:00
,,,,12600:llama-server.exe;16804:cmd.exe;18196:ollama app.exe;5732:ollama.exe,large,qwen3:14b-q4_K_M,46.68251639108661,11439030272,2026-09-11T19:40:41.9636189+03:00,10153550149,6564253531,69.6,81.4,27857424384,1789144547.2199967,2026-09-11T16:35:49.335061+00:00
,,,,12600:llama-server.exe;16804:cmd.exe;18196:ollama app.exe;5732:ollama.exe,large,qwen3:14b-q4_K_M,45.88915565540219,11439030272,2026-09-11T19:40:41.9636189+03:00,10153550149,6564253531,70.2,81.6,27907297280,1789144549.8474784,2026-09-11T16:35:51.970492+00:00
,,,,12600:llama-server.exe;16804:cmd.exe;18196:ollama app.exe;5732:ollama.exe,large,qwen3:14b-q4_K_M,46.22101983718078,11439046656,2026-09-11T19:40:41.9636189+03:00,10153550149,6564253531,70.8,81.6,27919044608,1789144552.4814487,2026-09-11T16:35:54.644037+00:00
,,,,12600:llama-server.exe;16804:cmd.exe;18196:ollama app.exe;5732:ollama.exe,large,qwen3:14b-q4_K_M,46.64391625344784,11438473216,2026-09-11T19:40:41.9636189+03:00,10153550149,6564253531,66.6,81.6,27907346432,1789144555.158535,2026-09-11T16:35:57.297402+00:00
,,,,12600:llama-server.exe;16804:cmd.exe;18196:ollama app.exe;5732:ollama.exe,large,qwen3:14b-q4_K_M,46.89427980409141,11438489600,2026-09-11T19:40:41.9636189+03:00,10153550149,6564253531,63.2,81.6,27925782528,1789144557.8129988,2026-09-11T16:35:59.945735+00:00
,,,,12600:llama-server.exe;16804:cmd.exe;18196:ollama app.exe;5732:ollama.exe,large,qwen3:14b-q4_K_M,46.43628794000579,11438501888,2026-09-11T19:40:41.9636189+03:00,10153550149,6564253531,62.6,81.8,27979935744,1789144560.4515827,2026-09-11T16:36:02.569292+00:00
,,,,12600:llama-server.exe;16804:cmd.exe;18196:ollama app.exe;5732:ollama.exe,large,qwen3:14b-q4_K_M,20.462345019185207,11438542848,2026-09-11T19:41:03.3625801+03:00,10153550149,6564253531,31.8,82.0,28035416064,1789144563.0732682,2026-09-11T16:36:05.203155+00:00
,,,,12600:llama-server.exe;16804:cmd.exe;18196:ollama app.exe;5732:ollama.exe,large,qwen3:14b-q4_K_M,47.180111665317625,11438542848,2026-09-11T19:41:03.3625801+03:00,10153550149,6564253531,55.0,81.7,27951230976,1789144565.71717,2026-09-11T16:36:07.840338+00:00
,,,,12600:llama-server.exe;16804:cmd.exe;18196:ollama app.exe;5732:ollama.exe,large,qwen3:14b-q4_K_M,46.56164056449336,11438428160,2026-09-11T19:41:03.3625801+03:00,10153550149,6564253531,67.8,81.4,27851423744,1789144568.3430574,2026-09-11T16:36:10.445495+00:00
,,,,12600:llama-server.exe;16804:cmd.exe;18196:ollama app.exe;5732:ollama.exe,large,qwen3:14b-q4_K_M,46.91205718226619,11438428160,2026-09-11T19:41:03.3625801+03:00,10153550149,6564253531,60.8,81.6,27911417856,1789144570.9493303,2026-09-11T16:36:13.044441+00:00
,,,,12600:llama-server.exe;16804:cmd.exe;18196:ollama app.exe;5732:ollama.exe,large,qwen3:14b-q4_K_M,47.20123171879583,11438428160,2026-09-11T19:41:03.3625801+03:00,10153550149,6564253531,65.0,81.5,27894861824,1789144573.547912,2026-09-11T16:36:15.667970+00:00
,,,,12600:llama-server.exe;16804:cmd.exe;18196:ollama app.exe;5732:ollama.exe,large,qwen3:14b-q4_K_M,46.5790219045368,11438428160,2026-09-11T19:41:03.3625801+03:00,10153550149,6564253531,62.9,81.6,27929448448,1789144576.1756148,2026-09-11T16:36:18.309434+00:00
,,,,12600:llama-server.exe;16804:cmd.exe;18196:ollama app.exe;5732:ollama.exe,large,qwen3:14b-q4_K_M,44.89148784975569,11438436352,2026-09-11T19:41:03.3625801+03:00,10153550149,6564253531,74.5,81.6,27903336448,1789144578.817982,2026-09-11T16:36:20.970120+00:00
,,,,12600:llama-server.exe;16804:cmd.exe;18196:ollama app.exe;5732:ollama.exe,large,qwen3:14b-q4_K_M,43.39561561967777,11436630016,2026-09-11T19:41:23.2281685+03:00,10153550149,6564253531,56.0,81.8,27976257536,1789144581.4794211,2026-09-11T16:36:23.582493+00:00
,,,,12600:llama-server.exe;16804:cmd.exe;18196:ollama app.exe;5732:ollama.exe,large,qwen3:14b-q4_K_M,23.50228322142218,11438456832,2026-09-11T19:41:23.2281685+03:00,10153550149,6564253531,38.9,81.6,27929890816,1789144584.088875,2026-09-11T16:36:26.197621+00:00
,,,,12600:llama-server.exe;16804:cmd.exe;18196:ollama app.exe;5732:ollama.exe,large,qwen3:14b-q4_K_M,47.29016582622934,11438456832,2026-09-11T19:41:23.2281685+03:00,10153550149,6564253531,58.6,81.7,27944390656,1789144586.712857,2026-09-11T16:36:28.830940+00:00
,,,,12600:llama-server.exe;16804:cmd.exe;18196:ollama app.exe;5732:ollama.exe,large,qwen3:14b-q4_K_M,46.33858645995613,11438329856,2026-09-11T19:41:23.2281685+03:00,10153550149,6564253531,65.5,81.9,28017143808,1789144589.3373346,2026-09-11T16:36:31.480874+00:00
,,,,12600:llama-server.exe;16804:cmd.exe;18196:ollama app.exe;5732:ollama.exe,large,qwen3:14b-q4_K_M,43.71658548189697,11438329856,2026-09-11T19:41:23.2281685+03:00,10153550149,6564253531,81.1,81.7,27955310592,1789144591.9822118,2026-09-11T16:36:34.169552+00:00
,,,,12600:llama-server.exe;16804:cmd.exe;18196:ollama app.exe;5732:ollama.exe,large,qwen3:14b-q4_K_M,46.484829247267015,11438338048,2026-09-11T19:41:23.2281685+03:00,10153550149,6564253531,77.2,81.9,28008038400,1789144594.6824656,2026-09-11T16:36:36.890349+00:00
,,,,12600:llama-server.exe;16804:cmd.exe;18196:ollama app.exe;5732:ollama.exe,large,qwen3:14b-q4_K_M,44.85477064460885,11438342144,2026-09-11T19:41:23.2281685+03:00,10153550149,6564253531,81.3,82.0,28044914688,1789144597.3995678,2026-09-11T16:36:39.587357+00:00
,,,,12600:llama-server.exe;16804:cmd.exe;18196:ollama app.exe;5732:ollama.exe,large,qwen3:14b-q4_K_M,43.275534164618755,11438342144,2026-09-11T19:41:23.2281685+03:00,10153550149,6564253531,92.7,82.0,28065112064,1789144600.0984802,2026-09-11T16:36:42.302111+00:00
,,,,12600:llama-server.exe;16804:cmd.exe;18196:ollama app.exe;5732:ollama.exe,large,qwen3:14b-q4_K_M,44.905917818838,11438342144,2026-09-11T19:41:23.2281685+03:00,10153550149,6564253531,88.3,82.2,28126572544,1789144602.8095882,2026-09-11T16:36:44.991590+00:00
,,,,12600:llama-server.exe;16804:cmd.exe;18196:ollama app.exe;5732:ollama.exe,large,qwen3:14b-q4_K_M,46.24072589104346,11438342144,2026-09-11T19:41:23.2281685+03:00,10153550149,6564253531,84.8,82.4,28177223680,1789144605.5072012,2026-09-11T16:36:47.672037+00:00
,,,,12600:llama-server.exe;16804:cmd.exe;18196:ollama app.exe;5732:ollama.exe,large,qwen3:14b-q4_K_M,20.097382694911147,11438354432,2026-09-11T19:41:48.1656889+03:00,10153550149,6564253531,46.3,82.4,28200030208,1789144608.1829746,2026-09-11T16:36:50.307022+00:00
,,,,12600:llama-server.exe;16804:cmd.exe;18196:ollama app.exe;5732:ollama.exe,large,qwen3:14b-q4_K_M,44.11617782324808,11439271936,2026-09-11T19:41:48.1656889+03:00,10153550149,6564253531,83.8,82.7,28290048000,1789144610.8186526,2026-09-11T16:36:52.974520+00:00
,,,,12600:llama-server.exe;16804:cmd.exe;18196:ollama app.exe;5732:ollama.exe,large,qwen3:14b-q4_K_M,46.54455638720522,11439411200,2026-09-11T19:41:48.1656889+03:00,10153550149,6564253531,71.3,82.6,28247392256,1789144613.4874663,2026-09-11T16:36:55.636679+00:00
,,,,12600:llama-server.exe;16804:cmd.exe;18196:ollama app.exe;5732:ollama.exe,large,qwen3:14b-q4_K_M,44.34587102443261,11439341568,2026-09-11T19:41:48.1656889+03:00,10153550149,6564253531,89.3,82.4,28190908416,1789144616.1417909,2026-09-11T16:36:58.282735+00:00
,,,,12600:llama-server.exe;16804:cmd.exe;18196:ollama app.exe;5732:ollama.exe,large,qwen3:14b-q4_K_M,45.172188478384584,11439341568,2026-09-11T19:41:48.1656889+03:00,10153550149,6564253531,78.8,81.3,27809984512,1789144618.7879157,2026-09-11T16:37:00.948873+00:00
,,,,12600:llama-server.exe;16804:cmd.exe;18196:ollama app.exe;5732:ollama.exe,large,qwen3:14b-q4_K_M,46.358276074244365,11439341568,2026-09-11T19:41:48.1656889+03:00,10153550149,6564253531,79.8,81.2,27790585856,1789144621.4562185,2026-09-11T16:37:03.665756+00:00
,,,,12600:llama-server.exe;16804:cmd.exe;18196:ollama app.exe;5732:ollama.exe,large,qwen3:14b-q4_K_M,34.1424337982244,11437604864,2026-09-11T19:42:05.3676833+03:00,10153550149,6564253531,60.3,81.1,27741024256,1789144624.1791863,2026-09-11T16:37:06.326588+00:00
,,,,12600:llama-server.exe;16804:cmd.exe;18196:ollama app.exe;5732:ollama.exe,large,qwen3:14b-q4_K_M,30.58909269915024,11439431680,2026-09-11T19:42:05.3676833+03:00,10153550149,6564253531,69.5,81.2,27769364480,1789144626.8268485,2026-09-11T16:37:09.001558+00:00
,,,,12600:llama-server.exe;16804:cmd.exe;18196:ollama app.exe;5732:ollama.exe,large,qwen3:14b-q4_K_M,43.92501513501179,11439431680,2026-09-11T19:42:05.3676833+03:00,10153550149,6564253531,84.2,81.7,27932463104,1789144629.5036404,2026-09-11T16:37:11.710860+00:00
,,,,12600:llama-server.exe;16804:cmd.exe;18196:ollama app.exe;5732:ollama.exe,large,qwen3:14b-q4_K_M,44.01203103589135,11439431680,2026-09-11T19:42:05.3676833+03:00,10153550149,6564253531,78.0,81.4,27841810432,1789144632.225434,2026-09-11T16:37:14.385298+00:00
,,,,12600:llama-server.exe;16804:cmd.exe;18196:ollama app.exe;5732:ollama.exe,large,qwen3:14b-q4_K_M,45.8120067810939,11439431680,2026-09-11T19:42:05.3676833+03:00,10153550149,6564253531,75.3,81.1,27737632768,1789144634.8914473,2026-09-11T16:37:17.028942+00:00
,,,,12600:llama-server.exe;16804:cmd.exe;18196:ollama app.exe;5732:ollama.exe,large,qwen3:14b-q4_K_M,46.55190922663812,11439431680,2026-09-11T19:42:05.3676833+03:00,10153550149,6564253531,86.7,81.2,27785572352,1789144637.54026,2026-09-11T16:37:19.772125+00:00
,,,,12600:llama-server.exe;16804:cmd.exe;18196:ollama app.exe;5732:ollama.exe,large,qwen3:14b-q4_K_M,39.65103103517199,11439435776,2026-09-11T19:42:05.3676833+03:00,10153550149,6564253531,89.6,81.2,27791912960,1789144640.2789972,2026-09-11T16:37:22.482886+00:00
,,,,12600:llama-server.exe;16804:cmd.exe;18196:ollama app.exe;5732:ollama.exe,large,qwen3:14b-q4_K_M,43.41838112306326,11439472640,2026-09-11T19:42:05.3676833+03:00,10153550149,6564253531,88.8,81.1,27750412288,1789144642.9930215,2026-09-11T16:37:25.157523+00:00
,,,,12600:llama-server.exe;16804:cmd.exe;18196:ollama app.exe;5732:ollama.exe,large,qwen3:14b-q4_K_M,44.605786090145116,11439472640,2026-09-11T19:42:05.3676833+03:00,10153550149,6564253531,90.8,81.2,27786944512,1789144645.6610703,2026-09-11T16:37:27.897091+00:00
,,,,12600:llama-server.exe;16804:cmd.exe;18196:ollama app.exe;5732:ollama.exe,large,qwen3:14b-q4_K_M,43.840279083736085,11439472640,2026-09-11T19:42:05.3676833+03:00,10153550149,6564253531,93.3,81.8,27967463424,1789144648.4083774,2026-09-11T16:37:30.788060+00:00
,,,,12600:llama-server.exe;16804:cmd.exe;18196:ollama app.exe;5732:ollama.exe,large,qwen3:14b-q4_K_M,21.856397005371175,11437858816,2026-09-11T19:42:31.971364+03:00,10153550149,6564253531,60.9,81.7,27951812608,1789144651.291782,2026-09-11T16:37:33.482226+00:00
,,,,12600:llama-server.exe;16804:cmd.exe;18196:ollama app.exe;5732:ollama.exe,large,qwen3:14b-q4_K_M,21.008129630041104,11439685632,2026-09-11T19:42:31.971364+03:00,10153550149,6564253531,42.9,81.3,27810955264,1789144654.0065048,2026-09-11T16:37:36.118788+00:00
,,,,12600:llama-server.exe;16804:cmd.exe;18196:ollama app.exe;5732:ollama.exe,large,qwen3:14b-q4_K_M,47.81657066284654,11439685632,2026-09-11T19:42:31.971364+03:00,10153550149,6564253531,64.2,81.2,27762270208,1789144656.6261075,2026-09-11T16:37:38.749169+00:00
,,,,12600:llama-server.exe;16804:cmd.exe;18196:ollama app.exe;5732:ollama.exe,large,qwen3:14b-q4_K_M,47.01287556188886,11439665152,2026-09-11T19:42:31.971364+03:00,10153550149,6564253531,74.9,81.3,27818045440,1789144659.2572572,2026-09-11T16:37:41.466868+00:00
,,,,12600:llama-server.exe;16804:cmd.exe;18196:ollama app.exe;5732:ollama.exe,large,qwen3:14b-q4_K_M,42.570793990659055,11439665152,2026-09-11T19:42:31.971364+03:00,10153550149,6564253531,89.6,81.3,27812483072,1789144661.9733212,2026-09-11T16:37:44.194947+00:00
,,,,12600:llama-server.exe;16804:cmd.exe;18196:ollama app.exe;5732:ollama.exe,large,qwen3:14b-q4_K_M,45.58706969175598,11439673344,2026-09-11T19:42:31.971364+03:00,10153550149,6564253531,89.6,81.4,27858128896,1789144664.7039018,2026-09-11T16:37:47.166861+00:00
,,,,12600:llama-server.exe;16804:cmd.exe;18196:ollama app.exe;5732:ollama.exe,large,qwen3:14b-q4_K_M,40.42463338632192,11439681536,2026-09-11T19:42:31.971364+03:00,10153550149,6564253531,87.0,82.5,28230766592,1789144667.6736772,2026-09-11T16:37:49.827112+00:00
,,,,12600:llama-server.exe;16804:cmd.exe;18196:ollama app.exe;5732:ollama.exe,large,qwen3:14b-q4_K_M,45.70178341100634,11439697920,2026-09-11T19:42:31.971364+03:00,10153550149,6564253531,81.9,83.3,28485533696,1789144670.3404222,2026-09-11T16:37:52.574361+00:00
,,,,12600:llama-server.exe;16804:cmd.exe;18196:ollama app.exe;5732:ollama.exe,large,qwen3:14b-q4_K_M,43.91779581797359,11439874048,2026-09-11T19:42:31.971364+03:00,10153550149,6564253531,81.4,83.1,28430942208,1789144673.0799153,2026-09-11T16:37:55.207327+00:00
,,,,12600:llama-server.exe;16804:cmd.exe;18196:ollama app.exe;5732:ollama.exe,large,qwen3:14b-q4_K_M,29.874796141537654,11439919104,2026-09-11T19:42:56.769765+03:00,10153550149,6564253531,54.3,83.3,28488421376,1789144675.7124298,2026-09-11T16:37:57.847839+00:00
